sample	composite	score
TNT RNA 5	TLS_8	-0.40996970059301846
TNT RNA 6	TLS_8	1.416786498667339
TNT RNA 11	TLS_8	0.12168738552752528
TNT RNA 12	TLS_8	0.6589877291767373
TNT RNA 41	TLS_8	-0.4147132472202598
TNT RNA 42	TLS_8	-2.0275994104410056e-05
TNT RNA 29	TLS_8	-1.0433957195384984
TNT RNA 30	TLS_8	0.1714629997693563
TNT RNA 32	TLS_8	-0.7775374556566754
TNT RNA 33	TLS_8	-0.19962764579357334
TNT RNA 38	TLS_8	-0.1343527700505791
TNT RNA 39	TLS_8	0.6106922017057519
TNT RNA 5	Plasma_proxy	0.27907970713571545
TNT RNA 6	Plasma_proxy	1.9858501158431474
TNT RNA 11	Plasma_proxy	0.5572733757868384
TNT RNA 12	Plasma_proxy	0.6778740240797373
TNT RNA 41	Plasma_proxy	0.3354919039291285
TNT RNA 42	Plasma_proxy	-0.5003483267398557
TNT RNA 29	Plasma_proxy	-2.071867318855173
TNT RNA 30	Plasma_proxy	-0.3613185895785245
TNT RNA 32	Plasma_proxy	-0.6661884447558911
TNT RNA 33	Plasma_proxy	0.006543565799258401
TNT RNA 38	Plasma_proxy	0.3861597298487667
TNT RNA 39	Plasma_proxy	-0.6285497424931535
TNT RNA 5	GC_TF	-0.1629676581386143
TNT RNA 6	GC_TF	1.5152201374762528
TNT RNA 11	GC_TF	-0.10432684670777391
TNT RNA 12	GC_TF	1.0340586683577317
TNT RNA 41	GC_TF	-0.19114580649679666
TNT RNA 42	GC_TF	0.1579590951441424
TNT RNA 29	GC_TF	-1.7524990763180153
TNT RNA 30	GC_TF	-0.16635220535385173
TNT RNA 32	GC_TF	-0.5830630407773313
TNT RNA 33	GC_TF	-0.20651176632097226
TNT RNA 38	GC_TF	-0.7484404034958249
TNT RNA 39	GC_TF	1.2080689026310567
TNT RNA 5	Naive_B	-0.753301215301471
TNT RNA 6	Naive_B	0.42956771463344906
TNT RNA 11	Naive_B	1.2349535434135341
TNT RNA 12	Naive_B	0.043662302138837414
TNT RNA 41	Naive_B	-0.28895788366219444
TNT RNA 42	Naive_B	-0.3076669180208756
TNT RNA 29	Naive_B	-1.6227015326083698
TNT RNA 30	Naive_B	0.038779303098225575
TNT RNA 32	Naive_B	-0.6648521109048638
TNT RNA 33	Naive_B	0.003903514595667866
TNT RNA 38	Naive_B	0.34488550891957576
TNT RNA 39	Naive_B	1.5417277736984873
TNT RNA 5	Memory_B	-0.03183483514553175
TNT RNA 6	Memory_B	1.4559256271564605
TNT RNA 11	Memory_B	1.06091501582505
TNT RNA 12	Memory_B	0.14898423508386638
TNT RNA 41	Memory_B	-0.21341755956725242
TNT RNA 42	Memory_B	-0.702045469351733
TNT RNA 29	Memory_B	-2.1782590318204087
TNT RNA 30	Memory_B	-0.4809643977945149
TNT RNA 32	Memory_B	-0.27160314280180053
TNT RNA 33	Memory_B	-0.1772456350433352
TNT RNA 38	Memory_B	1.0176350299629637
TNT RNA 39	Memory_B	0.3719101634962378
TNT RNA 5	BAFF_APRIL	-0.305647238520476
TNT RNA 6	BAFF_APRIL	1.1680441090204972
TNT RNA 11	BAFF_APRIL	0.28821000282442855
TNT RNA 12	BAFF_APRIL	0.43377305307619896
TNT RNA 41	BAFF_APRIL	-0.2728202197680528
TNT RNA 42	BAFF_APRIL	-0.4968889246980366
TNT RNA 29	BAFF_APRIL	-1.7336667120694524
TNT RNA 30	BAFF_APRIL	0.23062966506128965
TNT RNA 32	BAFF_APRIL	-0.2887904102191935
TNT RNA 33	BAFF_APRIL	0.26221518844461145
TNT RNA 38	BAFF_APRIL	0.44925348831556444
TNT RNA 39	BAFF_APRIL	0.26568799853261776
TNT RNA 5	HLA_II	0.1377096014053441
TNT RNA 6	HLA_II	1.2875926636633288
TNT RNA 11	HLA_II	-0.5833862876092593
TNT RNA 12	HLA_II	-0.04803398542941648
TNT RNA 41	HLA_II	0.4138836552282473
TNT RNA 42	HLA_II	0.9740573083136959
TNT RNA 29	HLA_II	-0.3720135783667545
TNT RNA 30	HLA_II	0.5615233196811354
TNT RNA 32	HLA_II	-1.1949524516356835
TNT RNA 33	HLA_II	-0.1337655425409014
TNT RNA 38	HLA_II	0.36239315708090303
TNT RNA 39	HLA_II	-1.405007859790645
TNT RNA 5	CD8_exh	-0.4479412562306793
TNT RNA 6	CD8_exh	1.5757538048107993
TNT RNA 11	CD8_exh	0.22303740438414557
TNT RNA 12	CD8_exh	1.0110380068279063
TNT RNA 41	CD8_exh	-0.12714519129398655
TNT RNA 42	CD8_exh	-0.07297699287248356
TNT RNA 29	CD8_exh	-1.2838883850112377
TNT RNA 30	CD8_exh	-0.43378625037254537
TNT RNA 32	CD8_exh	-0.07492938617727034
TNT RNA 33	CD8_exh	-0.306635137685262
TNT RNA 38	CD8_exh	-0.6244868279468238
TNT RNA 39	CD8_exh	0.5619602115674366
TNT RNA 5	HLA_I_axis	-0.6718923982873011
TNT RNA 6	HLA_I_axis	0.6217196611249466
TNT RNA 11	HLA_I_axis	0.5417627414603332
TNT RNA 12	HLA_I_axis	1.4072706854345105
TNT RNA 41	HLA_I_axis	0.49997314827786177
TNT RNA 42	HLA_I_axis	0.593336023008863
TNT RNA 29	HLA_I_axis	-1.1651337194397966
TNT RNA 30	HLA_I_axis	0.2205107796188005
TNT RNA 32	HLA_I_axis	0.17997860204451058
TNT RNA 33	HLA_I_axis	0.37347804565253756
TNT RNA 38	HLA_I_axis	-1.2400080904265531
TNT RNA 39	HLA_I_axis	-1.3609954784687115
TNT RNA 5	T_cell	-0.22177864521881566
TNT RNA 6	T_cell	1.928629078635078
TNT RNA 11	T_cell	0.5500474296397313
TNT RNA 12	T_cell	-0.22514608730693442
TNT RNA 41	T_cell	0.16310436762516362
TNT RNA 42	T_cell	-0.8045505251118952
TNT RNA 29	T_cell	-0.9406669889052728
TNT RNA 30	T_cell	0.06899617123234685
TNT RNA 32	T_cell	-0.210098839170806
TNT RNA 33	T_cell	0.25266273167123005
TNT RNA 38	T_cell	-0.6167414873523456
TNT RNA 39	T_cell	0.055542794262514586
