gene	good_median	bad_median	good_mean	bad_mean	MW_P_1s	MW_P_2s	direction	BH_q_1s
TRAF3	1.2985400926124324	0.8884048993076837	1.6594949818755698	0.8450545425062975	0.05	0.1	good>bad	0.8998459167950693
TLR8	2.2810961609955474	0.5661123394584485	2.3285092789004214	0.6812866958696716	0.05	0.1	good>bad	0.8998459167950693
SYK	0.6039589334017835	-1.200620521153528	0.461904288008632	-0.9078870473350092	0.05	0.1	good>bad	0.8998459167950693
IKBKB	1.6621651263411947	-0.14315538293979102	1.6533922111113746	-0.7494008073175639	0.05	0.1	good>bad	0.8998459167950693
JAK3	1.2745144167592608	-1.1968223196870613	1.2261862767662264	-1.0724929435206694	0.05	0.1	good>bad	0.8998459167950693
IRF3	1.1647302405534943	-0.2715835997115825	1.0135175465139803	-0.4191544380477293	0.05	0.1	good>bad	0.8998459167950693
IL9	1.1370488080506886	0.1689934884034891	1.6718306102103444	-0.48553291396935555	0.05	0.1	good>bad	0.8998459167950693
IL7R	1.835704907185827	-0.43790590213705655	1.8197176487847484	-0.07819763992869344	0.05	0.1	good>bad	0.8998459167950693
LAMP2	1.4541794982943765	0.5668070199449552	1.5010450697525834	0.2576722526989399	0.05	0.1	good>bad	0.8998459167950693
CD46	-0.5658635091249575	-1.3837433191087491	-0.3555733858327637	-1.3023980108600788	0.05	0.1	good>bad	0.8998459167950693
CCR5	1.2412732425448123	0.6972633346064997	1.4949072633373939	0.6647311725924534	0.05	0.1	good>bad	0.8998459167950693
MAP3K1	0.4012049938503354	-0.999310840130182	0.3624207067484309	-1.02415330904413	0.05	0.1	good>bad	0.8998459167950693
RPS6	-0.5422268953966433	-1.3217175261269252	-0.7251809500826801	-1.2950882250704443	0.05	0.1	good>bad	0.8998459167950693
IL13RA2	1.5996857869833492	0.4686627133243991	1.369765792070212	-0.10998212356800019	0.05	0.1	good>bad	0.8998459167950693
MAPK14	0.35455446439515237	-0.46193273342422336	0.6289447205606007	-0.5273402770856008	0.05	0.1	good>bad	0.8998459167950693
RUNX3	1.804362958250319	0.34729664084805756	1.7775409816665633	-0.1394041027396186	0.05	0.1	good>bad	0.8998459167950693
CD97	1.4630191955477168	-0.4765750898096525	1.1347216745392579	-0.356141590959649	0.05	0.1	good>bad	0.8998459167950693
CCL18	0.7171481051968094	-0.9331476464367106	1.1996868456350989	-0.6582918781894954	0.05	0.1	good>bad	0.8998459167950693
CASP8	1.0495546828072873	0.11167484141791084	1.1863962368675323	0.19730135340437563	0.05	0.1	good>bad	0.8998459167950693
BMI1	0.595793166702177	-0.19503821880337147	0.4733889181363328	-0.5442360759238986	0.05	0.1	good>bad	0.8998459167950693
CXCR4	1.9700896764930393	-0.07498195609749758	1.8777322676423605	0.0181434480259924	0.05	0.1	good>bad	0.8998459167950693
TNFSF13B	2.098222554754147	1.0928067454399868	2.0961771567106866	0.8527243934297749	0.05	0.1	good>bad	0.8998459167950693
LTBR	0.4794202150918007	-0.3821961783912262	0.574684751621024	-0.33805362042997383	0.1	0.2	good>bad	0.8998459167950693
LAMP1	0.9345336365751263	-0.23971960327583486	0.8178131855744867	-0.3273486071438097	0.1	0.2	good>bad	0.8998459167950693
CCL4	1.7441082517422022	0.9986845159779082	1.8104986479033067	0.8435531320971718	0.1	0.2	good>bad	0.8998459167950693
IL4R	2.186363444425087	0.19300554493909072	1.766415128847261	0.2582113628601746	0.1	0.2	good>bad	0.8998459167950693
LAG3	0.7298516243062354	-0.6789323827289718	0.9406485855095043	-0.4966904288017064	0.1	0.2	good>bad	0.8998459167950693
CCL24	1.0511442551128332	-1.130323152320292	0.7004153612854799	-1.413973122692657	0.1	0.2	good>bad	0.8998459167950693
IL1R1	1.8874878823143186	1.1499854413047137	2.1673412828733074	0.8346843046012316	0.1	0.2	good>bad	0.8998459167950693
ICAM3	1.799641996819596	0.25562144007106935	1.7289796751179756	0.4575072488431557	0.1	0.2	good>bad	0.8998459167950693
TAP2	1.4922136148092924	0.04256643989024966	1.0611832851156235	0.3109783291639335	0.1	0.2	good>bad	0.8998459167950693
LILRB3	2.835808059481263	0.007215485546797407	2.1347027809714874	0.47207902892927445	0.1	0.2	good>bad	0.8998459167950693
CD1B	2.4104962654396793	-0.1815172559541432	1.902768298536482	-0.3394270017682877	0.1	0.2	good>bad	0.8998459167950693
RELB	1.112195683482967	0.57749636503246	1.3152760484598531	0.5418839092223288	0.1	0.2	good>bad	0.8998459167950693
IDO1	1.2705871462323697	-0.003347604548246119	1.2940147401628594	0.1729115337271082	0.1	0.2	good>bad	0.8998459167950693
HLA-DQB1	0.6801766134001651	-0.15670164627823713	0.6657753671058061	-0.16743646973426007	0.1	0.2	good>bad	0.8998459167950693
PLAU	1.4441349758418554	0.10902235444312014	1.4629023005428303	-0.1296560714907918	0.1	0.2	good>bad	0.8998459167950693
CXCR2	2.3520727984371734	0.09589874770185502	1.8087218035529231	0.5870856281910085	0.1	0.2	good>bad	0.8998459167950693
LILRA5	2.663250705522657	0.39355529408951984	2.109432957774275	0.9332655547166361	0.1	0.2	good>bad	0.8998459167950693
SELL	2.2488261569418735	0.012173421689397612	1.9849281999043837	0.6625965152693245	0.1	0.2	good>bad	0.8998459167950693
CXCL10	1.0151119684754888	-0.1687582909279539	0.6655007209225144	-0.11881653480812455	0.1	0.2	good>bad	0.8998459167950693
THBD	2.422091187463995	-0.07992273956487495	1.6192518680209123	0.39266529977277354	0.1	0.2	good>bad	0.8998459167950693
BCL2L1	0.8165772201400239	-0.009798826779764645	0.7735504277749593	-0.05503203492468245	0.1	0.2	good>bad	0.8998459167950693
PYCARD	1.1430814962461844	-0.9722642238237251	0.584515690149659	-1.2469514030732902	0.1	0.2	good>bad	0.8998459167950693
PASD1	2.194478126543173	0.48875285067801366	1.98135577041455	0.6192495643100622	0.1	0.2	good>bad	0.8998459167950693
CSF3R	2.540505593184363	0.5268600901292888	1.9608418079595182	0.5371097843191031	0.1	0.2	good>bad	0.8998459167950693
NFKB2	2.0879105321430034	0.667075468595273	2.036625431735228	0.8634045221169542	0.1	0.2	good>bad	0.8998459167950693
BATF	2.4746396484417956	-0.33305950226047787	1.677273012070554	0.25565275203624477	0.1	0.2	good>bad	0.8998459167950693
FLT3LG	0.7300352671902637	0.45830927714430236	1.6956941680959394	0.2911485911120352	0.1	0.2	good>bad	0.8998459167950693
HCK	2.605662808273104	0.7368399733402743	2.11250030150838	0.8390872418418388	0.1	0.2	good>bad	0.8998459167950693
FCGR3A	2.180672830094889	0.5578032133440509	1.7371255271226727	0.7892018054150537	0.1	0.2	good>bad	0.8998459167950693
TLR1	2.2774589634897726	0.6230603673463819	1.881080878933479	0.7781255257216716	0.1	0.2	good>bad	0.8998459167950693
TLR2	2.365192659908425	0.6043382175663413	1.9709298720794564	0.8609084587777077	0.1	0.2	good>bad	0.8998459167950693
TAP1	0.7843440901252092	-0.05457508657792731	0.7440806333784303	0.08588508988600872	0.1	0.2	good>bad	0.8998459167950693
STAT6	1.5979744455223703	-0.6691903118542377	1.452663571686518	-0.4126884553358472	0.1	0.2	good>bad	0.8998459167950693
PLA2G6	1.940814360863111	-1.575736037846304	1.4966022148924825	-1.1398525782491584	0.1	0.2	good>bad	0.8998459167950693
LCP1	2.2236717361587712	0.7974288243682972	1.897182678140786	0.8741213516957119	0.1	0.2	good>bad	0.8998459167950693
CD47	0.45008122687526997	-0.8752501749169737	0.062293482026508196	-0.7832639941702445	0.1	0.2	good>bad	0.8998459167950693
CD200	1.8315709917767204	-0.18827228227142734	1.6142946346472833	0.2598096975616027	0.1	0.2	good>bad	0.8998459167950693
ZAP70	0.15428394650809657	-0.6355648135375491	1.1189289462315861	-1.1105269901914416	0.1	0.2	good>bad	0.8998459167950693
STAT1	0.8516099220017326	0.08429608719514725	0.9832170599341615	0.11890374188556503	0.1	0.2	good>bad	0.8998459167950693
IL1R2	2.115320931879666	0.8623291648971397	1.7364970768821253	0.6111834269861282	0.2	0.4	good>bad	0.8998459167950693
SLC11A1	2.0487381816663457	-0.22162189027939233	1.9540914833220198	0.5284530739349484	0.2	0.4	good>bad	0.8998459167950693
IRF8	0.05919178970662636	-0.42515667613315233	-0.1298721191071651	-0.42294070246478094	0.2	0.4	good>bad	0.8998459167950693
FCGR2A	2.492447019925416	1.1178909206149543	1.983731243988677	1.0630479622892748	0.2	0.4	good>bad	0.8998459167950693
FCER1G	2.006483262638779	0.9383266922058666	1.6179194851114758	0.6335498063890381	0.2	0.4	good>bad	0.8998459167950693
F13A1	1.5296313131731316	0.25320990092537876	1.2113273767599402	-0.28212418860126437	0.2	0.4	good>bad	0.8998459167950693
IFITM1	0.05184105975860431	-0.23128410836195318	0.020078155549552463	-0.8307145746573402	0.2	0.4	good>bad	0.8998459167950693
IFIH1	2.165351569308565	0.1938468652125951	1.8089599345561966	0.11042716668425945	0.2	0.4	good>bad	0.8998459167950693
IFI35	1.9169410248244767	1.641447327959662	1.1718364371823873	0.5289500419964136	0.2	0.4	good>bad	0.8998459167950693
MAF	2.168679674101094	0.7985677703265464	1.9413194270350622	0.7649065905901612	0.2	0.4	good>bad	0.8998459167950693
MAP2K2	0.6176885961304419	0.269001130768195	1.0528064206290766	0.42702418793240104	0.2	0.4	good>bad	0.8998459167950693
LYN	0.9742073863599563	-0.3214022221248727	1.223597924936364	0.1631137952164261	0.2	0.4	good>bad	0.8998459167950693
LRP1	1.0772178233015033	0.3290448026586259	1.4484499049121533	0.6273481782905287	0.2	0.4	good>bad	0.8998459167950693
IL10RA	1.7255623656504424	0.7055642845126845	1.7135971698809624	0.4731751500705947	0.2	0.4	good>bad	0.8998459167950693
IL1A	0.9908560660748904	0.6471045471956944	1.5605463088466276	0.7998540353894938	0.2	0.4	good>bad	0.8998459167950693
IKBKE	0.8656004044645746	-0.37061735311161503	0.5915146431373568	-0.33516850439307877	0.2	0.4	good>bad	0.8998459167950693
CD5	0.7487700745297456	0.2586651536622056	1.2723008024467957	-0.5174332405722074	0.2	0.4	good>bad	0.8998459167950693
RELA	0.9195146667592915	-0.44743964702316164	1.005874382262223	0.0297043891583042	0.2	0.4	good>bad	0.8998459167950693
RORA	1.5213154595633673	1.2646837255017092	1.5075226969815194	0.9606533713056772	0.2	0.4	good>bad	0.8998459167950693
CCR7	1.1799093930368492	0.8157387272748464	1.3086277385347993	0.5433446873394687	0.2	0.4	good>bad	0.8998459167950693
CD14	2.1570712358053727	1.4316734164750753	1.8658296797411713	1.0177101272333584	0.2	0.4	good>bad	0.8998459167950693
SPP1	1.3657298776017377	-0.20658877506382078	1.5312115616975872	0.25817382498622116	0.2	0.4	good>bad	0.8998459167950693
ILF3	-0.5485777719154785	-1.1570613564150618	-0.40845093062792454	-0.9459360428224729	0.2	0.4	good>bad	0.8998459167950693
ITGAX	2.564003259071577	0.44370285149693045	1.9102616658764164	0.5823664374350274	0.2	0.4	good>bad	0.8998459167950693
TLR4	2.3105187883877663	1.0398790653161956	1.9184792745501402	1.113895542384484	0.2	0.4	good>bad	0.8998459167950693
TNF	2.500662937392151	0.762836452455234	2.0129499483212485	0.5340467897760885	0.2	0.4	good>bad	0.8998459167950693
TNFRSF11B	1.3176069549015474	-0.2975202055147821	1.6608157955918201	0.018697497469063462	0.2	0.4	good>bad	0.8998459167950693
TAPBP	1.5223043964823075	-0.44352004651229715	1.5232879627173241	-0.20375133546368718	0.2	0.4	good>bad	0.8998459167950693
SBNO2	1.5588008507469318	0.29019463871835616	1.3246036491163486	-0.17327541759910758	0.2	0.4	good>bad	0.8998459167950693
RUNX1	0.9222904015652278	-1.0569092065424166	1.557998807424319	-0.10809077686907582	0.2	0.4	good>bad	0.8998459167950693
FCGR2B	1.1019330835033692	0.3481809292488446	1.5777643096685592	0.5531764662961686	0.2	0.4	good>bad	0.8998459167950693
FPR2	1.941019973236491	0.07227472093325105	1.766525992407215	0.8151129200351909	0.2	0.4	good>bad	0.8998459167950693
S100B	-0.11186443921595479	-1.4406198519560587	0.48195077095971345	-0.980731903490846	0.2	0.4	good>bad	0.8998459167950693
HLA-DQA1	0.295231050223576	-0.16255458824253544	0.34561492446202474	-0.1507379448441398	0.2	0.4	good>bad	0.8998459167950693
HLA-DOB	0.9309492935198654	0.6513112189083228	1.5034716540373951	0.5673329743208178	0.2	0.4	good>bad	0.8998459167950693
MEFV	1.967887943189206	-0.2160145665490264	1.9228915862492688	0.586587080595974	0.2	0.4	good>bad	0.8998459167950693
MAPKAPK2	0.8840857483778359	0.41791803449069564	0.8473836061586129	0.24364925221617736	0.2	0.4	good>bad	0.8998459167950693
MAP4K2	1.0613877726898666	-0.3560732648921083	1.2656917383617807	0.07604391519155085	0.2	0.4	good>bad	0.8998459167950693
MAP3K5	0.4443793397366266	-0.4004972839230388	1.0511249961961122	-0.06363372299873814	0.2	0.4	good>bad	0.8998459167950693
DDX58	1.9129915777972748	1.3771115203231525	1.2949603283322226	0.5970366206460237	0.2	0.4	good>bad	0.8998459167950693
SIGLEC1	2.2760617551587417	1.5452700489626539	1.661093686972574	1.1232551226342096	0.2	0.4	good>bad	0.8998459167950693
SERPING1	0.7292774436288555	-0.5370163467054089	1.3337888784989935	8.247071720616599e-05	0.2	0.4	good>bad	0.8998459167950693
CD83	0.9083568009462848	0.23115044961377604	1.252274597595687	0.707169624310991	0.2	0.4	good>bad	0.8998459167950693
SELPLG	2.0919408835594733	0.940478238483903	1.8377115153600974	0.5387873324470412	0.2	0.4	good>bad	0.8998459167950693
CD74	0.7184114583159402	0.3296044068434977	1.1104135784362577	-0.1764190000420527	0.2	0.4	good>bad	0.8998459167950693
GNLY	0.6960543683147963	-0.4177656703702984	1.3747563576473414	0.23927638166579776	0.2	0.4	good>bad	0.8998459167950693
DOCK9	-0.5667701561682469	-1.7683966181251223	-0.1972714376259738	-1.4444870879015361	0.2	0.4	good>bad	0.8998459167950693
PRF1	0.6922196766281441	0.0027806738341262655	1.3346927213001354	-0.11989432140608007	0.2	0.4	good>bad	0.8998459167950693
PRKCE	-0.08679041336192661	-0.4484934113219404	0.7578105964093567	-0.053474352628705736	0.2	0.4	good>bad	0.8998459167950693
EGR1	1.5463640177389786	0.9365093670725471	1.9614346287504647	0.8446162605923183	0.2	0.4	good>bad	0.8998459167950693
DUSP4	1.6234983631882707	1.1617184452802227	1.7223918397552798	1.1229024254878817	0.2	0.4	good>bad	0.8998459167950693
NOTCH1	0.2847684016931631	-2.0953465186306794	0.5176623796615931	-1.1561571556634247	0.2	0.4	good>bad	0.8998459167950693
NFATC4	1.0496500167700613	-0.8105770583936568	1.2192453620861334	-0.11395038137394398	0.2	0.4	good>bad	0.8998459167950693
NFATC2	-0.31619689127068107	-0.9121514936542465	0.06248037171227072	-0.7732845964855001	0.2	0.4	good>bad	0.8998459167950693
CTLA4	0.6967374039839818	-1.01045923102347	0.919781201005135	-0.4086289734702497	0.2	0.4	good>bad	0.8998459167950693
CLEC7A	2.656939076908674	1.6029308316401403	1.9656632181966864	1.3300468495876079	0.2	0.4	good>bad	0.8998459167950693
CSF1	1.7996952938758568	1.033534792297572	1.5970954832165578	0.3984379391152981	0.2	0.4	good>bad	0.8998459167950693
PSMB9	0.4681229273577354	-0.01947390603616994	0.5322240930886767	0.08224471990387354	0.2	0.4	good>bad	0.8998459167950693
CLEC5A	1.2270285517024204	-0.7698976918162189	1.5582058550254452	-0.19964910728704788	0.2	0.4	good>bad	0.8998459167950693
AMICA1	2.064692426105697	1.1753026027585762	1.9916932877663982	0.912243047573828	0.2	0.4	good>bad	0.8998459167950693
C1S	0.6931544799461887	0.20816306243655414	1.2709442790029895	0.6551681723535836	0.2	0.4	good>bad	0.8998459167950693
CXCL14	-0.8436521952492316	-1.9057294496298274	-0.17915402735008903	-1.3295224595221578	0.2	0.4	good>bad	0.8998459167950693
ALCAM	1.1360281703005481	0.05519717894950364	0.9969644847397738	-0.10956377239989872	0.2	0.4	good>bad	0.8998459167950693
TYK2	0.40753622874498685	-0.9560622904263987	0.9102717641315018	-0.39597956672587614	0.2	0.4	good>bad	0.8998459167950693
TGFB2	0.7932174423155972	0.073909540323849	1.046320010822132	-0.06008304749449156	0.2	0.4	good>bad	0.8998459167950693
BCL2	-0.5788974091767991	-0.8197728638607034	0.3493237500539533	-0.39169357041081176	0.2	0.4	good>bad	0.8998459167950693
ITGAL	1.2109880871783973	0.8293289343749751	1.5695965184287817	0.5425151357995165	0.2	0.4	good>bad	0.8998459167950693
BST1	2.0160982869899873	0.6612761439069834	1.7721474994862934	0.9206887869027115	0.2	0.4	good>bad	0.8998459167950693
BST2	1.8918345570178354	0.618219552443836	1.633057308111508	0.5238538816523052	0.2	0.4	good>bad	0.8998459167950693
TNFRSF1B	2.080540831370411	0.7474202060961512	1.5585061500960806	0.900929140726058	0.2	0.4	good>bad	0.8998459167950693
ZNF205	0.1129135945872407	-0.8402975195086408	0.344224586748481	-0.37837343792349176	0.35	0.7	good>bad	0.8998459167950693
TNFRSF4	1.518757068731654	1.2523668926962994	1.454060577133723	0.8080154952322786	0.35	0.7	good>bad	0.8998459167950693
TNFRSF8	1.2093976281965984	-0.14786175629463183	1.3155916139573838	0.8436125277599521	0.35	0.7	good>bad	0.8998459167950693
TNFRSF9	1.2614502137620625	-0.047471656977446125	1.357026834807608	0.514681953334852	0.35	0.7	good>bad	0.8998459167950693
ULBP2	0.6381907101630658	0.2036176140652759	0.5925439376048955	1.1812455496624783	0.35	0.7	bad>good	0.8998459167950693
C2	0.5872906063497596	-1.1800255186791972	0.3686871895274429	-0.9657459068826691	0.35	0.7	good>bad	0.8998459167950693
TNFSF18	0.34966748870307895	-0.5090730191381209	0.3435109674036331	-0.3604769894792148	0.35	0.7	good>bad	0.8998459167950693
CTSL	1.5116754179288245	1.5004663278728505	1.611271612556963	1.1179139734691201	0.35	0.7	good>bad	0.8998459167950693
CX3CR1	0.9797090175832407	0.14150032674427254	1.2331502476882261	0.8022402746126366	0.35	0.7	good>bad	0.8998459167950693
CXCL1	1.2886693293033091	-0.4319211950104247	1.2381746587539741	0.2965041716180346	0.35	0.7	good>bad	0.8998459167950693
CXCL11	0.9594186267155448	0.7542586097890641	0.9060458810661768	0.5517086761668483	0.35	0.7	good>bad	0.8998459167950693
CXCL16	0.6489631118549527	0.25923439290357164	0.8908622737810218	0.38662816837505815	0.35	0.7	good>bad	0.8998459167950693
NRP1	1.405451749049639	1.3752889487134197	1.617216648462227	0.725297874875347	0.35	0.7	good>bad	0.8998459167950693
OSM	1.2942896386483522	-0.3250862574335747	1.3454796986653017	0.3856716022443829	0.35	0.7	good>bad	0.8998459167950693
PECAM1	1.181940949161514	0.4550614106498266	1.1342870510740422	0.5856003315416365	0.35	0.7	good>bad	0.8998459167950693
NFKB1	0.18972267975734863	-0.021711188322602548	0.3657109141385258	-0.17035604320887013	0.35	0.7	good>bad	0.8998459167950693
NOD1	0.5865204730827124	-1.565864866381092	0.4067396657883828	-0.579456676017582	0.35	0.7	good>bad	0.8998459167950693
NOD2	0.13840031905031436	-0.3042100031250818	0.8354399736041392	0.02400880654944289	0.35	0.7	good>bad	0.8998459167950693
CT45A1	0.7650847686267764	0.7312515016447121	0.7987521817130737	1.5610712089681391	0.35	0.7	bad>good	0.8998459167950693
CTAGE1	0.7722387700327262	-0.3934846607030103	0.682124642384703	0.8429062415664998	0.35	0.7	bad>good	0.8998459167950693
IL17RA	1.9225434502660363	1.1588255243645698	1.3562739210341581	1.0933548847798633	0.35	0.7	good>bad	0.8998459167950693
IL17RB	0.23634595394704194	-0.5392921774980661	-0.6267241658609337	-0.9082731499505359	0.35	0.7	good>bad	0.8998459167950693
IGF2R	2.249708662463469	0.1768639370963913	1.71730437276092	0.9004767481181256	0.35	0.7	good>bad	0.8998459167950693
IKBKG	1.2239960351886192	-1.1819953507443184	0.9991223395335052	0.02744924981725057	0.35	0.7	good>bad	0.8998459167950693
IL11	1.5590528319473516	-0.7426671520759891	1.4976544634408497	0.2045244765679676	0.35	0.7	good>bad	0.8998459167950693
ITGB4	0.709263574432247	0.28536782329625465	0.5143713901701084	-0.23435259769780803	0.35	0.7	good>bad	0.8998459167950693
KIR_Activating_Subgroup_1	0.440413361914073	-1.2578571482730214	0.4060017455576685	0.2942595263827011	0.35	0.7	good>bad	0.8998459167950693
ITGB2	1.4769869697206608	0.70969963456642	1.1941582472930123	0.6787923251943285	0.35	0.7	good>bad	0.8998459167950693
IL1RL1	1.6523178505622396	0.5276121034963716	1.7237913695979312	1.0739214297383122	0.35	0.7	good>bad	0.8998459167950693
IL21R	0.4781755779166404	-0.2055912253324732	1.0886243436737753	0.6284684913039739	0.35	0.7	good>bad	0.8998459167950693
IL23A	1.3339547884607517	-0.3135873608326448	1.1432903021184269	0.8587880202315188	0.35	0.7	good>bad	0.8998459167950693
IL24	1.5415808512362632	0.029206905587365384	1.555345447960842	0.7400196287606295	0.35	0.7	good>bad	0.8998459167950693
IL2RA	1.2581309740766382	1.112413453424435	1.2356979393993888	0.9843607885860629	0.35	0.7	good>bad	0.8998459167950693
ITGAM	1.6492717059470774	0.7413966612148806	1.7424356949859743	0.9343972212363146	0.35	0.7	good>bad	0.8998459167950693
IL1B	1.4678516858173656	0.6964756377757632	1.8736857999163306	1.1635101251218518	0.35	0.7	good>bad	0.8998459167950693
IL1RAP	1.8949555835895042	-0.1203357844610412	1.688909091613942	0.7579543122971323	0.35	0.7	good>bad	0.8998459167950693
IRAK4	0.284660810855756	-0.1476956986978124	0.5831074744069038	-0.1914972652148279	0.35	0.7	good>bad	0.8998459167950693
MX1	2.0411365216510773	1.4588088015827683	0.9699900001559483	0.952179013585158	0.35	0.7	good>bad	0.8998459167950693
NCF4	2.2184323094399	1.1028918685503104	1.673363016729567	0.8089213980885895	0.35	0.7	good>bad	0.8998459167950693
CREB1	-0.3751241282663952	-0.6312394493750286	-0.3120881950772453	-0.6612949202060545	0.35	0.7	good>bad	0.8998459167950693
CREBBP	0.4296556362215819	-0.2516963138272714	0.5120951627707603	0.3222971638568793	0.35	0.7	good>bad	0.8998459167950693
CSF2	1.311161291082501	-1.3260427050338057	1.0245436772109546	0.2093489853061108	0.35	0.7	good>bad	0.8998459167950693
CSF2RB	2.335131226701333	0.44257943957317325	1.7912599517992298	0.8160598497079598	0.35	0.7	good>bad	0.8998459167950693
CKLF	0.5427655608344686	0.04382943816207684	0.5656077153772395	0.27784435510456923	0.35	0.7	good>bad	0.8998459167950693
CLEC4A	1.8603446152119751	1.2390120668101314	1.627785306011189	1.2649197270808823	0.35	0.7	good>bad	0.8998459167950693
CR1	1.922591538140245	1.4246358043238025	1.664212057419195	1.2464770091971367	0.35	0.7	good>bad	0.8998459167950693
PSMB7	-0.05022193509596051	-0.7000621281023973	-0.07997150743750658	-0.33107445478176967	0.35	0.7	good>bad	0.8998459167950693
PTGS2	1.630742549488786	-0.4855158665262743	1.7369612449837215	0.5838868769752984	0.35	0.7	good>bad	0.8998459167950693
PTPRC	1.2298765682607877	0.719264868342646	1.3093975582618975	0.6441233695122164	0.35	0.7	good>bad	0.8998459167950693
PVR	0.03265939391379369	-0.6984696478869	0.07573421402883258	-0.44430163469941414	0.35	0.7	good>bad	0.8998459167950693
POU2F2	0.09426600660654405	-0.5055493875226202	0.7592423847323219	0.32156340457763904	0.35	0.7	good>bad	0.8998459167950693
PPBP	0.836275600883778	0.28249766115080077	0.9111656755697105	0.48766324596241856	0.35	0.7	good>bad	0.8998459167950693
PRG2	1.1265472513700407	-0.05776564011150709	1.1304672070608366	1.179798692737297	0.35	0.7	bad>good	0.8998459167950693
PSMB10	0.5926481872182722	-0.0676139401370549	0.31816193701781625	-0.45968036699492076	0.35	0.7	good>bad	0.8998459167950693
EBI3	0.8620543652873727	0.30238355481888896	0.36817800957146335	-0.1029259730114489	0.35	0.7	good>bad	0.8998459167950693
EGR2	2.0844429180736497	1.2751374723570432	1.9015202857377922	1.0541377512562706	0.35	0.7	good>bad	0.8998459167950693
ICOS	1.3321797195156297	-0.463979890740961	1.0208101027210923	0.30294925444484316	0.35	0.7	good>bad	0.8998459167950693
MAGEA1	1.0630720921878796	0.11613185937841669	0.9127717912927541	1.1007939726658402	0.35	0.7	bad>good	0.8998459167950693
MAGEA12	0.8351108237165589	-0.35567841623155133	0.6884286550506443	1.0334932535938164	0.35	0.7	bad>good	0.8998459167950693
LILRB2	2.236744648821817	1.0958324063413782	1.8404934941778588	0.9336671959672526	0.35	0.7	good>bad	0.8998459167950693
LRRN3	0.7684056702195251	-0.5498319834638616	1.2011008734675022	-0.004907345518319506	0.35	0.7	good>bad	0.8998459167950693
LTB	0.9272353376863602	0.46784722139726914	1.235581776343634	0.2680300688241412	0.35	0.7	good>bad	0.8998459167950693
REL	0.7535998740607242	-0.21498383530393206	0.6376673089094621	0.6903519735747569	0.35	0.7	bad>good	0.8998459167950693
CD276	0.79107638188053	-0.0906412058110932	1.0055980017640522	0.6981688713514952	0.35	0.7	good>bad	0.8998459167950693
CD3EAP	-0.1601558054522106	-1.4311027684174262	-0.39582428906169853	-0.026606951249091626	0.35	0.7	bad>good	0.8998459167950693
CD4	1.1054986025219933	0.14857994876050146	0.994508759378553	0.5345325002581088	0.35	0.7	good>bad	0.8998459167950693
CD44	1.3918532939167565	-0.19942075205395748	1.4366522493495992	0.4636722167441321	0.35	0.7	good>bad	0.8998459167950693
CD1E	1.3087743872613729	0.265063429023278	1.0635873893925891	1.084522489077646	0.35	0.7	bad>good	0.8998459167950693
CD24	-0.5615202894754399	-1.4885871537336652	-0.39518119866145834	-0.8980667269049327	0.35	0.7	good>bad	0.8998459167950693
CCL3	1.4145560724114137	0.24607377266496144	1.662085264319619	0.7955904845944922	0.35	0.7	good>bad	0.8998459167950693
CCL3L1	1.3047237140651349	0.4619905712551906	1.6469242548800247	0.8782470844531088	0.35	0.7	good>bad	0.8998459167950693
CCL8	1.9098678577367354	1.2758363122402612	1.5792563645287185	0.9957599146949505	0.35	0.7	good>bad	0.8998459167950693
CCR1	2.0667455333261406	1.1641537644398556	1.6843954252931972	1.1470135122665353	0.35	0.7	good>bad	0.8998459167950693
IL15RA	1.1599706671021974	-0.23833596195166729	0.9152999984712809	0.601995653579889	0.35	0.7	good>bad	0.8998459167950693
MBL2	1.1170286798827178	0.976390035304619	1.4040454230446267	1.2751920627338789	0.35	0.7	good>bad	0.8998459167950693
MME	1.5880349606704922	-0.7291514411545945	1.1842356078733958	-0.14028675117838216	0.35	0.7	good>bad	0.8998459167950693
CYLD	1.852576105391698	1.4571899158701835	1.5762646746751907	1.0787836022051478	0.35	0.7	good>bad	0.8998459167950693
MAP3K7	-0.5946843926670313	-0.6233347297659813	-0.5254387817146171	-0.7369760478202769	0.35	0.7	good>bad	0.8998459167950693
MASP1	1.432073655187555	0.4642166214201392	1.4024978113236113	0.520554261901152	0.35	0.7	good>bad	0.8998459167950693
CXCL3	0.5543340499286181	-0.576780276562457	0.38829248013477297	0.4280892519452248	0.35	0.7	bad>good	0.8998459167950693
CXCL5	1.2179749263354498	-0.5873586858562849	0.869589873191452	0.2979604184103864	0.35	0.7	good>bad	0.8998459167950693
CXCL6	1.4481539405435355	0.18706831389017753	1.1294447301253159	0.5861930767551929	0.35	0.7	good>bad	0.8998459167950693
CXCL9	0.05357291647762241	-0.018456064283063678	0.6119002685085492	-0.03161485332954935	0.35	0.7	good>bad	0.8998459167950693
CXCR1	2.185287027245228	0.08040334411940264	1.7671332618560538	0.9013448240635283	0.35	0.7	good>bad	0.8998459167950693
CYBB	1.5175050298322477	1.1281127765025611	1.75951580850011	1.0534992542957842	0.35	0.7	good>bad	0.8998459167950693
CEBPB	0.9775872782879175	-1.0548560758784815	1.115400640351882	-0.20135629927156673	0.35	0.7	good>bad	0.8998459167950693
PIK3CD	1.753555864921967	-0.10072122517478	1.5525819935916478	0.6247427304190333	0.35	0.7	good>bad	0.8998459167950693
SERPINB2	0.9401468770355272	0.7117230550522144	1.2905546227597136	1.3787871193095895	0.35	0.7	bad>good	0.8998459167950693
SIGIRR	0.17838479018875786	-0.6816624493359169	0.26175504345401657	-0.5427220216928518	0.35	0.7	good>bad	0.8998459167950693
CD55	0.7597208303862087	-0.1519504036702617	0.8371686715061685	0.6729491236498513	0.35	0.7	good>bad	0.8998459167950693
S100A12	2.039439115423765	0.12372068262888025	1.788302451393464	0.9559266966561526	0.35	0.7	good>bad	0.8998459167950693
S100A8	2.082951230026884	0.3909705177965098	1.7278509988521058	0.8600187589446705	0.35	0.7	good>bad	0.8998459167950693
SELE	1.0516691034337087	0.5584281088195197	1.5614947560171115	0.2034725791280184	0.35	0.7	good>bad	0.8998459167950693
LILRA1	0.904997129229837	-0.3940849074298818	1.4081962326606352	0.47326282679840354	0.35	0.7	good>bad	0.8998459167950693
FOXJ1	0.40823907622003086	0.3024164457114298	0.7969359835140014	0.34293098688825535	0.35	0.7	good>bad	0.8998459167950693
FUT7	0.8959210840430984	0.6000224813244707	1.0880712154678491	1.355514119491646	0.35	0.7	bad>good	0.8998459167950693
GZMB	0.7335908203188166	-1.0063246922116842	0.7384083295517945	-0.2451192545034416	0.35	0.7	good>bad	0.8998459167950693
FLT3	1.7949714838571205	1.3662076107624022	1.203402684570862	0.8113575891950259	0.35	0.7	good>bad	0.8998459167950693
ENG	1.148228991772073	0.5624889893340211	1.2295305741771019	0.033791339016145915	0.35	0.7	good>bad	0.8998459167950693
EP300	0.40488194513534514	-0.49744973807927323	0.16221705013338847	-0.4544824861106322	0.35	0.7	good>bad	0.8998459167950693
ICOSLG	1.4475515727857915	0.6869512478253379	1.0953823123173556	0.6480513408805425	0.35	0.7	good>bad	0.8998459167950693
IFI16	1.2868881281751003	0.647943076273467	1.4397215006987467	0.6349763261180067	0.35	0.7	good>bad	0.8998459167950693
IFITM2	1.6286118959599107	0.6720612797142114	1.6649807830595507	0.3425216172529672	0.35	0.7	good>bad	0.8998459167950693
HRAS	0.7290132609520841	-0.5232863737216276	0.3167167829947104	-0.31863488962785197	0.35	0.7	good>bad	0.8998459167950693
ICAM1	1.690640772025208	0.0739312357626567	1.7381852700537186	0.5820498273275777	0.35	0.7	good>bad	0.8998459167950693
ICAM2	0.7206895580715028	0.5774298625153669	1.2280440939113053	0.46837515602233476	0.35	0.7	good>bad	0.8998459167950693
TREM1	1.9303501985143663	-0.08176434633024598	1.6888293208544687	0.7540956972060266	0.35	0.7	good>bad	0.8998459167950693
TNFSF14	1.3574373891342084	0.5838858882111319	1.449856410992793	1.08520727078842	0.35	0.7	good>bad	0.8998459167950693
C1QBP	-0.3834547864622838	-0.7921514126855138	-0.5035442530746977	-0.9510944170132207	0.35	0.7	good>bad	0.8998459167950693
TNFRSF14	0.8171228376492735	0.3593612550364252	0.7621406941921527	-0.2883552783915127	0.35	0.7	good>bad	0.8998459167950693
BAGE	0.6149398177736384	0.25432026517465156	0.6860701839856368	1.2418308774646627	0.35	0.7	bad>good	0.8998459167950693
BCL6	1.9781120680825033	0.1903546416096975	1.6342996588636503	0.9774855910832353	0.35	0.7	good>bad	0.8998459167950693
IL5	1.490440844741268	0.2890820907624171	1.1678071998638309	1.2773649264898728	0.35	0.7	bad>good	0.8998459167950693
IL6	1.4176570325619857	-0.8253437048743827	1.1553455924334297	0.4907697261090422	0.35	0.7	good>bad	0.8998459167950693
ATG10	1.2210007459869026	-0.26276874682905527	1.1647555815912616	-0.14786024315244428	0.35	0.7	good>bad	0.8998459167950693
ATG12	0.3542987736231975	-0.31112324349625586	0.5382442606237196	0.8575401936339834	0.35	0.7	bad>good	0.8998459167950693
ATG7	1.0496538407196787	0.6086758731479583	1.7094179967161691	0.578080282969773	0.35	0.7	good>bad	0.8998459167950693
TFEB	1.234055280104596	0.44629890091362734	1.102258165114917	0.5047284815581955	0.35	0.7	good>bad	0.8998459167950693
TGFB1	1.5498663750339645	0.31712657580926445	1.6748480150766587	0.7101419353974152	0.35	0.7	good>bad	0.8998459167950693
TICAM1	1.1584011790457427	0.5768677520261971	1.2123265142299509	0.941561777706732	0.35	0.7	good>bad	0.8998459167950693
TIRAP	2.329745310125022	0.753955764452831	1.616779624029829	0.7910436917622272	0.35	0.7	good>bad	0.8998459167950693
IRF4	0.41076183208913836	-0.09440182167133233	0.4150370411785947	-0.20637581393927032	0.35	0.7	good>bad	0.8998459167950693
IRF7	2.3906773853177277	1.2658143280024219	1.4512232346879743	1.0734872621562903	0.35	0.7	good>bad	0.8998459167950693
ITGA2	0.06479944541589067	-0.18118321849967847	0.18576286037791415	-0.1429968498752161	0.35	0.7	good>bad	0.8998459167950693
IL8	1.4439327860982902	-0.7968249213479108	1.2827232189572126	0.6809961257850649	0.35	0.7	good>bad	0.8998459167950693
CCL22	1.272044758895489	0.6957687485016143	0.9534164761310814	0.41859330536103184	0.35	0.7	good>bad	0.8998459167950693
ST6GAL1	-0.3340656367490726	-0.7404079558418519	-0.2552757198618932	-0.5214433401002664	0.35	0.7	good>bad	0.8998459167950693
STAT2	1.4051238014659932	0.4702086634538174	1.5478071552414487	0.528905117535949	0.35	0.7	good>bad	0.8998459167950693
STAT3	1.6718423473363448	0.8251067733488435	1.1910024881961923	0.5468425400181842	0.35	0.7	good>bad	0.8998459167950693
STAT5B	0.7258026328359052	-0.19613066503643317	0.48134044408286697	-0.19507296009340322	0.35	0.7	good>bad	0.8998459167950693
TNFRSF10B	1.4386612236994598	1.3559270895739934	1.8128575832821758	1.608314812313285	0.35	0.7	good>bad	0.8998459167950693
TNFRSF10C	2.363283345117083	1.7749544386727107	1.8291006159784073	1.6597925381746566	0.35	0.7	good>bad	0.8998459167950693
SPO11	0.032849451038368005	-0.7115893391945304	0.49625429360844286	0.5826291462029759	0.35	0.7	bad>good	0.8998459167950693
TNFAIP3	1.7575018920997223	0.8143788341921594	1.8488965080275577	1.2097091589535116	0.35	0.7	good>bad	0.8998459167950693
TNFSF4	1.3445101409966083	0.6534306265502551	1.451278007738648	1.348500734011295	0.35	0.7	good>bad	0.8998459167950693
TPSAB1	1.686421119420383	0.8021385159932627	1.4759791908368805	0.6359922160844597	0.35	0.7	good>bad	0.8998459167950693
ABL1	0.14061067313873044	-0.18833978790775197	0.8633676501072376	-0.21195329939742472	0.35	0.7	good>bad	0.8998459167950693
TLR5	1.224808459604854	0.5399410671735859	0.8084573226481568	0.9955216017888847	0.5	1.0	bad>good	0.8998459167950693
TMEFF2	1.5297337891309697	0.7751792562735637	1.2180318669366323	1.2786809963945502	0.5	1.0	bad>good	0.8998459167950693
TNFSF8	1.3668789585065884	1.5781525738435656	1.4953172486008555	1.2965012466738186	0.5	1.0	good>bad	0.8998459167950693
TRAF2	0.9301674035613398	0.23445032379559894	0.4945278372794551	0.20901299746649782	0.5	1.0	good>bad	0.8998459167950693
STAT4	0.8976115344250823	1.675885117817947	1.0461001059900992	1.0862753037528485	0.5	1.0	bad>good	0.8998459167950693
SOCS1	-0.21958264560822924	0.3859851782827808	0.24436585859060686	-0.1873302082718724	0.5	1.0	good>bad	0.8998459167950693
SPACA3	0.590068841743817	-0.05094959142842492	0.4301631955794493	0.938595033309309	0.5	1.0	bad>good	0.8998459167950693
SPN	0.38707326207295784	0.1242393262637218	0.5366870485788362	0.0760533511240619	0.5	1.0	good>bad	0.8998459167950693
IRAK1	0.28415283086522974	-0.7663170956080418	-0.18052202333839165	-0.5600356790127708	0.5	1.0	good>bad	0.8998459167950693
IRAK2	0.9498966335854442	1.0696402736325996	1.2695141393693488	0.8730454145179158	0.5	1.0	good>bad	0.8998459167950693
TAB1	0.17945210227712508	-0.371043275339967	-0.03571536910415193	-0.28438157140815856	0.5	1.0	good>bad	0.8998459167950693
SSX4	0.36276348581117823	0.3064971807200975	0.6504655738723742	1.5117273601641779	0.5	1.0	bad>good	0.8998459167950693
ITGA1	-0.440291413166326	-0.7432511338256349	-0.027689742779624455	-0.141181441592425	0.5	1.0	good>bad	0.8998459167950693
ITGA4	0.33941973360350813	0.5779764412117043	0.781566035831947	0.42040211882839523	0.5	1.0	good>bad	0.8998459167950693
IL6ST	0.636524294264289	1.6843160379669913	0.9517275552146658	1.085040066435302	0.5	1.0	bad>good	0.8998459167950693
INPP5D	0.32295377008904236	-0.04547239399193659	0.10335424816562082	-0.2586483968763358	0.5	1.0	good>bad	0.8998459167950693
C4B	1.4976013052626669	1.1896118643447895	1.4776907338798182	1.0697133216894505	0.5	1.0	good>bad	0.8998459167950693
C7	0.08479707376647772	0.11336098937236021	0.8221294641889486	0.3866598520250917	0.5	1.0	good>bad	0.8998459167950693
CAMP	1.6434616708672847	1.2547312868985139	1.357630478133589	1.302819708838654	0.5	1.0	good>bad	0.8998459167950693
CARD9	1.4293361897374306	0.590546923669375	1.3513049101398025	1.079960839171558	0.5	1.0	good>bad	0.8998459167950693
CCL1	1.3434550612705636	1.1085828941124078	1.2812897550299425	1.383704455129802	0.5	1.0	bad>good	0.8998459167950693
TCF7	-0.04030307017341028	-0.8558953164262946	-0.29203661057915653	-0.46573514512722286	0.5	1.0	good>bad	0.8998459167950693
VCAM1	0.9059087837417628	1.1002367717012278	1.4136722971410716	1.0955227442976587	0.5	1.0	good>bad	0.8998459167950693
TFRC	-0.4028820408789258	-1.3675650551641225	-0.8947979718496146	-1.113667377245855	0.5	1.0	good>bad	0.8998459167950693
THY1	-0.045595413422121256	0.7589348148023605	0.5749004000642746	0.055250324399880237	0.5	1.0	good>bad	0.8998459167950693
BAX	0.5183721987426878	0.3973361108216278	0.4409234704598666	0.7312046721107683	0.5	1.0	bad>good	0.8998459167950693
BLNK	-0.14782478193903545	0.29708599334223845	0.11463543170028705	-0.5782655654870552	0.5	1.0	good>bad	0.8998459167950693
ARG1	1.2791128473742999	0.8654388947096145	1.161053260157433	1.4369743462662459	0.5	1.0	bad>good	0.8998459167950693
ATF2	-0.36644637869668983	0.09146966906948928	-0.07208163575961897	-0.4871077576094754	0.5	1.0	good>bad	0.8998459167950693
C1QA	1.4317701420170306	1.4930373968146258	1.2694682608515584	0.6563913932393456	0.5	1.0	good>bad	0.8998459167950693
C1R	0.7723127397061527	1.6358306380411136	1.3044780590261973	0.7790296732500437	0.5	1.0	good>bad	0.8998459167950693
TNFRSF18	1.4419699949930507	0.8788579862942115	1.2592580946043472	1.0522894702725312	0.5	1.0	good>bad	0.8998459167950693
AXL	0.7717486019282405	0.19100815782843766	1.4256643924546293	0.5361915598047492	0.5	1.0	good>bad	0.8998459167950693
IFIT1	2.0999667426206354	1.015812621392631	1.1189855741221537	1.2815023950720426	0.5	1.0	bad>good	0.8998459167950693
HLA-DRB3	1.06716919349089	1.5008255764363132	1.4838757504940412	0.5073075515772391	0.5	1.0	good>bad	0.8998459167950693
HLA-E	1.3528270835127727	1.1967284392116098	0.9925160778499252	0.8545383187517346	0.5	1.0	good>bad	0.8998459167950693
ICAM4	1.3675010168678527	0.30773270076304504	1.12846324632776	1.0066577382818565	0.5	1.0	good>bad	0.8998459167950693
ENTPD1	1.0532252778719058	0.711824514581257	1.3634757389742251	0.7049629749908671	0.5	1.0	good>bad	0.8998459167950693
EOMES	1.3112850212009637	0.2130148342605854	1.1592950125142567	0.9239401815018945	0.5	1.0	good>bad	0.8998459167950693
ETS1	1.0446756763173608	1.0897646646059338	1.3096905181283682	0.6352634587742709	0.5	1.0	good>bad	0.8998459167950693
EWSR1	-0.690600485134807	-0.5497856082476389	-0.43792441916810004	-0.6783458757370905	0.5	1.0	good>bad	0.8998459167950693
F12	0.03574179091043572	-0.8386209989643368	-0.47431927051641515	-0.6044048446354776	0.5	1.0	good>bad	0.8998459167950693
FYN	0.2602031130379527	0.7631194182629827	1.325712155471016	0.3708418281393904	0.5	1.0	good>bad	0.8998459167950693
GPI	-0.2436570972158112	-0.515091144192532	-0.47342144835729477	-0.5650706004964082	0.5	1.0	good>bad	0.8998459167950693
HAVCR2	1.2119403577584325	0.9207779485772507	1.3480203326435483	1.2846737660781695	0.5	1.0	good>bad	0.8998459167950693
FCGR1A	1.5689489679526591	0.29351162270330333	1.0924016106572667	1.1757650931336203	0.5	1.0	bad>good	0.8998459167950693
FOS	2.1893675732978584	1.8483156101130804	1.8250994337349133	1.669502393003923	0.5	1.0	good>bad	0.8998459167950693
LIF	1.3560014138072523	0.8483172208000395	1.0002638025307273	1.272605675319555	0.5	1.0	bad>good	0.8998459167950693
CD70	2.039380466758043	1.7367458565759186	1.7784856966107212	1.664707281538676	0.5	1.0	good>bad	0.8998459167950693
CD81	0.09207313452197086	0.29033790675039783	0.3199977554740068	-0.4563145017785121	0.5	1.0	good>bad	0.8998459167950693
CD8B	-0.22708702883143084	-0.5648589413039472	-0.15925833733533049	0.24075289176853554	0.5	1.0	bad>good	0.8998459167950693
CD9	0.09166092405228288	0.05644814030034456	-0.3701275991209269	-0.5003103418258078	0.5	1.0	good>bad	0.8998459167950693
SLAMF1	1.2226311367821294	0.585619323961631	0.6712838644508011	0.7412353132579326	0.5	1.0	bad>good	0.8998459167950693
SLAMF6	1.3750123377912002	0.017045348369007784	0.838536303527938	0.5925118171060869	0.5	1.0	good>bad	0.8998459167950693
CD99	0.21851778923518883	0.2232991640415174	0.6921516037104322	0.0416485625002723	0.5	1.0	good>bad	0.8998459167950693
CDK1	-0.7185696844154614	-0.15088295959623566	-0.6834640965324367	-0.7782259509964629	0.5	1.0	good>bad	0.8998459167950693
CFD	0.9918018611525636	1.2024791493076712	1.545268754602131	0.32632929767199964	0.5	1.0	good>bad	0.8998459167950693
PLAUR	0.9516351052702327	2.08304321441795	1.3125552505372688	1.554487634629991	0.5	1.0	bad>good	0.8998459167950693
CD6	0.31410277163799094	0.12322182978509932	0.6189056504435372	0.10141225536634775	0.5	1.0	good>bad	0.8998459167950693
ELK1	0.10291919014125574	-0.5189705032252585	0.4599671931682933	0.3497462099017792	0.5	1.0	good>bad	0.8998459167950693
MAVS	-0.029166688906510356	-0.5796709480898318	-0.2100691484940583	-0.3973295209807118	0.5	1.0	good>bad	0.8998459167950693
MEF2C	0.32730259354134317	1.088027551186948	0.8765310903266698	0.6879049408411663	0.5	1.0	good>bad	0.8998459167950693
MFGE8	0.8635748122132613	1.5346327145247904	1.2916815446339358	0.6105835911381675	0.5	1.0	good>bad	0.8998459167950693
MICA	0.46207078033067256	1.3078648629314717	1.014083953603314	0.901179297360089	0.5	1.0	good>bad	0.8998459167950693
MICB	0.5284352554254841	1.2164289436476015	0.873672298188599	0.8406429583154873	0.5	1.0	good>bad	0.8998459167950693
CCL7	0.8891923162153245	0.7809726563050265	0.9157498577569343	1.3374028466755776	0.5	1.0	bad>good	0.8998459167950693
CCND3	0.7920234692082508	0.7660594729763563	0.6796603975598287	0.6374408282694087	0.5	1.0	good>bad	0.8998459167950693
CCR3	1.5307284627687103	0.9049380226912858	1.3146391975982854	1.482664767111688	0.5	1.0	bad>good	0.8998459167950693
IL16	0.7994074341131465	1.0635639975210995	1.2604021209644027	0.6208815477028262	0.5	1.0	good>bad	0.8998459167950693
IL17A	0.22464026941806717	-0.30984684591221845	0.2144684978461704	-0.17231039476397303	0.5	1.0	good>bad	0.8998459167950693
CD40	1.6876189811582374	0.7514676792224566	1.265338172191184	1.1884272898098083	0.5	1.0	good>bad	0.8998459167950693
CD163	1.4754099211495668	0.6068960564044611	1.3750259268421532	1.0186993334997516	0.5	1.0	good>bad	0.8998459167950693
LTK	0.6894960957730857	0.4809031227917975	0.8832069989434729	0.7283586177852662	0.5	1.0	good>bad	0.8998459167950693
CD53	1.7016957610682326	1.0536794709638322	1.612197795767517	1.1311748110936592	0.5	1.0	good>bad	0.8998459167950693
RIPK2	1.3680514625292752	-0.15048025101902746	0.8439246547849267	0.20977877679267154	0.5	1.0	good>bad	0.8998459167950693
CD244	0.13794963637962818	0.9913735795713311	0.9096530046901924	0.5175551020843954	0.5	1.0	good>bad	0.8998459167950693
MAGEA3	0.5136094608096414	0.4058678626252624	0.7221005963819533	0.762511176935082	0.5	1.0	bad>good	0.8998459167950693
MAGEC2	1.3781392433277404	1.0695335580409662	1.2097735654631883	1.2579867038999109	0.5	1.0	bad>good	0.8998459167950693
LILRB1	1.2548280352203396	1.1456973327208475	1.4116079244620068	1.3136919766630653	0.5	1.0	good>bad	0.8998459167950693
PRM1	1.004693248146846	0.452311706096011	0.764253434886113	1.5353855345093532	0.5	1.0	bad>good	0.8998459167950693
MS4A2	1.4530620387828417	1.0961432876854338	1.771312602092422	1.1212688267068556	0.5	1.0	good>bad	0.8998459167950693
MSR1	1.3932501710051766	1.2092387074261017	1.2337897305516023	1.271924435747952	0.5	1.0	bad>good	0.8998459167950693
PSMB8	0.176802584972237	0.14487534626703238	0.1598505894936991	-0.4684580863380284	0.5	1.0	good>bad	0.8998459167950693
CFI	0.9325431761482192	0.4338256602125984	0.743433449566704	0.12571870674707641	0.5	1.0	good>bad	0.8998459167950693
POU2AF1	0.7678569406671361	0.63258672031491	0.6534339950199235	0.6620630447649115	0.5	1.0	bad>good	0.8998459167950693
CSF3	0.940471737826116	0.9037991878605621	1.0183749494828491	1.4978336808330566	0.5	1.0	bad>good	0.8998459167950693
CLEC4C	0.9687666142750758	0.6468211006373433	0.8840116920051265	1.0068812430594134	0.5	1.0	bad>good	0.8998459167950693
CMKLR1	0.7094306270499591	1.3397888608904316	1.3384890771349358	1.193878447040676	0.5	1.0	good>bad	0.8998459167950693
COL3A1	0.7174061490033284	1.0535575091215452	1.3755966561215087	0.5363557885292434	0.5	1.0	good>bad	0.8998459167950693
NFATC1	1.9825407833146995	1.0834686891395027	1.258431092583878	1.2058446884206868	0.5	1.0	good>bad	0.8998459167950693
CREB5	0.6969109112086282	0.3803893835081935	1.1492058877401647	0.7640050240736862	0.5	1.0	good>bad	0.8998459167950693
CSF1R	1.5480412258732055	0.5496344282839919	1.2918084794468856	1.1467306589087614	0.5	1.0	good>bad	0.8998459167950693
ITGA5	1.2327015436650437	0.6795935141544766	1.2638661327358336	0.6066503640599489	0.5	1.0	good>bad	0.8998459167950693
IFNB1	1.745127292295816	0.8713512035051814	1.690065878806043	1.100854922253072	0.5	1.0	good>bad	0.8998459167950693
IFNG	0.5382989344239779	0.4594479979604801	0.7248129444603099	0.5963511718772693	0.5	1.0	good>bad	0.8998459167950693
ITGB3	0.5791679758896804	-0.4800605527954268	0.9400815753109297	0.5308759397860318	0.5	1.0	good>bad	0.8998459167950693
IL1RN	1.935508717149584	0.5246723349588975	1.4758209756555682	0.9407728519045119	0.5	1.0	good>bad	0.8998459167950693
IL21	0.39171861593807916	0.2973860826308843	0.2426447566390003	1.2362603794375877	0.5	1.0	bad>good	0.8998459167950693
JAK2	0.8440575156955921	0.41696076052577624	1.0231969698697279	0.5483399230718602	0.5	1.0	good>bad	0.8998459167950693
JAM3	0.6532026236588485	1.2643622308949727	1.303126362831821	0.6959702283268469	0.5	1.0	good>bad	0.8998459167950693
KIR_Inhibiting_Subgroup_1	0.9983649122291918	2.0454686752410787	1.4761057959556905	1.3251012716652502	0.5	1.0	good>bad	0.8998459167950693
IFNA1	0.8001110729290005	0.40710836411077295	0.38528157144864456	1.1688192944204825	0.5	1.0	bad>good	0.8998459167950693
IFNA8	0.9062441966523609	0.7211819808403175	0.8828109116284528	1.3720562849887774	0.5	1.0	bad>good	0.8998459167950693
IFNAR1	1.1984647165707778	1.680398445031757	1.368557903739241	1.0695419950648202	0.5	1.0	good>bad	0.8998459167950693
IFNAR2	1.212269153200603	1.0794766513983147	0.95549911610276	0.8378550569349535	0.5	1.0	good>bad	0.8998459167950693
IL18R1	1.422381401191522	1.413374712156782	1.58085668260418	1.3871369898124792	0.5	1.0	good>bad	0.8998459167950693
IL10	1.335546096496746	1.2990552847164796	1.5012853547737341	1.085833314508099	0.5	1.0	good>bad	0.8998459167950693
CTSH	0.01971323009985433	-0.13534450676367826	-0.17946371922442142	-0.2505091855047471	0.5	1.0	good>bad	0.8998459167950693
NFKBIA	1.3802779426278626	1.6358167650496684	1.5994209587062347	1.5764796421791927	0.5	1.0	good>bad	0.8998459167950693
NLRP3	1.1798696799139248	1.294669815156208	1.6224445550767885	1.4139692459179145	0.5	1.0	good>bad	0.8998459167950693
CXCL2	0.632960729800446	0.21782353005432453	0.40791199644498516	0.6178308876112129	0.5	1.0	bad>good	0.8998459167950693
PDCD1LG2	0.5485293115690846	1.4354979577512155	1.2385638032779556	1.4440441915471063	0.5	1.0	bad>good	0.8998459167950693
PDGFRB	0.18853109663211415	0.6947150134134327	0.8392425838774127	-0.011999619043961037	0.5	1.0	good>bad	0.8998459167950693
CTSG	1.5878701707701932	1.401556166537154	1.4237786263362875	1.5957750765569758	0.5	1.0	bad>good	0.8998459167950693
VEGFA	0.15665972035413278	-0.09049047505010854	0.0520375286185677	0.4865683022057929	0.5	1.0	bad>good	0.8998459167950693
AIRE	0.08079958719784464	-0.07879161650025135	0.31950060905411165	0.414662409707629	0.5	1.0	bad>good	0.8998459167950693
AKT3	0.7929266917585585	1.058574242226926	1.6772800931885727	0.6845215211357663	0.5	1.0	good>bad	0.8998459167950693
AMBP	0.6531210003854511	0.011460236337305418	0.49042819959775646	0.6174229637506228	0.5	1.0	bad>good	0.8998459167950693
ANXA1	1.2109291826645847	0.8178919674650651	1.214161419894997	1.1952919105364979	0.5	1.0	good>bad	0.8998459167950693
C3	0.8429298685105274	0.1291438090271791	1.3739040878283229	0.32491608699253743	0.5	1.0	good>bad	0.8998459167950693
C3AR1	1.4930695171583965	1.8924023756698136	1.6738874470691003	1.5130838134914948	0.5	1.0	good>bad	0.8998459167950693
XCR1	1.1023463702516292	0.603327620962829	1.0452855290656464	1.4151349383362914	0.5	1.0	bad>good	0.8998459167950693
ADORA2A	1.8754292470834129	0.9001988448075289	1.3866124857761708	0.7982905334321275	0.5	1.0	good>bad	0.8998459167950693
TXK	1.9600626130236574	1.3428873161429045	1.2594644685461918	0.867897541883174	0.5	1.0	good>bad	0.8998459167950693
TNFSF12	0.19992456974657935	0.5712613740177154	1.2735572542976075	-0.14049535506408364	0.5	1.0	good>bad	0.8998459167950693
TNFRSF1A	1.6319784220622926	0.9678653362200718	0.9932356427905834	0.8100378302296037	0.5	1.0	good>bad	0.8998459167950693
TRAF6	0.5593532780772736	0.5977078363630572	0.5481292388002225	1.4388599469090027	0.65	1.0	bad>good	0.8998459167950693
A2M	0.5254211019175721	0.7092021032206354	0.8818565509177351	0.4060029788038131	0.65	1.0	good>bad	0.8998459167950693
TTK	-0.9744066680139342	-0.51632250988277	-0.7807519416573855	-0.4210024149891598	0.65	1.0	bad>good	0.8998459167950693
TXNIP	1.047276755072979	1.4510593838664994	0.8333538459573503	0.8179589471372544	0.65	1.0	good>bad	0.8998459167950693
TNFSF15	1.1139514401068396	1.2271413516649101	1.2726022697125712	1.2656572746126034	0.65	1.0	good>bad	0.8998459167950693
ABCB1	0.6565269172983209	0.987867233434811	0.06316633480195484	0.35243754447990744	0.65	1.0	bad>good	0.8998459167950693
ADA	-0.12287324418822798	-0.22088550468288204	0.028743995618596346	1.0754972744616629	0.65	1.0	bad>good	0.8998459167950693
VEGFC	0.6730097520442918	2.2386622360798496	0.9050203677181051	1.301776222360858	0.65	1.0	bad>good	0.8998459167950693
IL1RL2	-0.1607467118582162	0.5983782218763254	0.4277596087784515	0.768617820498413	0.65	1.0	bad>good	0.8998459167950693
ISG15	1.8174575910788866	0.8370860806762908	0.9209023422809025	0.9683501469556973	0.65	1.0	bad>good	0.8998459167950693
IRF1	1.2342301320540863	0.9899545017163827	0.9636568712648672	1.3769824484566378	0.65	1.0	bad>good	0.8998459167950693
IRF5	0.8396548058192206	0.9220773021714885	0.35349989673374244	0.4725693941558329	0.65	1.0	bad>good	0.8998459167950693
IL6R	1.4447397164693776	1.701953518322334	1.167649814075191	1.4215046863812635	0.65	1.0	bad>good	0.8998459167950693
IL17F	0.8414211136130705	1.419559306501223	1.1789676707970467	0.9290630835184164	0.65	1.0	good>bad	0.8998459167950693
IL18RAP	0.9145605301119321	1.0318251904826738	1.6436496994945784	1.1758554468901592	0.65	1.0	good>bad	0.8998459167950693
IL13RA1	-0.2521786589601984	0.780681824045049	-0.06518078938705463	-0.2898123570628595	0.65	1.0	good>bad	0.8998459167950693
IL15	0.34967005487672015	1.782032674249099	1.035042447294524	1.4951246453453855	0.65	1.0	bad>good	0.8998459167950693
IL12B	0.5399234676025455	0.5283479895764113	0.5195234379209398	1.6982340416607646	0.65	1.0	bad>good	0.8998459167950693
IL12RB1	0.9317898450088435	1.1542692418921952	1.1891219396335442	0.980306512976148	0.65	1.0	good>bad	0.8998459167950693
IL12RB2	1.2844984502033485	0.9335764244760139	0.7286370051127635	1.749058679372146	0.65	1.0	bad>good	0.8998459167950693
IGF1R	0.7572783539725996	0.9758440432389606	0.8120555513145584	0.3098541180156665	0.65	1.0	good>bad	0.8998459167950693
CCR9	0.7766201789931813	0.5474810003670703	0.5370830943257977	1.56198976012129	0.65	1.0	bad>good	0.8998459167950693
CCR2	0.6399086998802913	1.4848984127856242	1.0091647445202052	1.2504700502865118	0.65	1.0	bad>good	0.8998459167950693
CCL23	0.748488060599108	1.6291456007867051	0.8991757333727407	1.4511016857617574	0.65	1.0	bad>good	0.8998459167950693
TAL1	0.5050841359503947	0.6947410125165605	1.3884727722882777	1.3325288072702761	0.65	1.0	good>bad	0.8998459167950693
SYT17	0.829838904287598	-0.5169551364253173	0.8559042204267412	0.4856656554479697	0.65	1.0	good>bad	0.8998459167950693
SLAMF7	1.0794090890972003	0.9609998951569971	0.7830844991959456	0.8522572729572899	0.65	1.0	bad>good	0.8998459167950693
CD40LG	0.831978469621321	1.5549592277559072	1.10313469617259	1.3299130629317535	0.65	1.0	bad>good	0.8998459167950693
CD36	1.1462548982613896	1.5701901215342755	1.3488509077960211	1.2291341652078025	0.65	1.0	good>bad	0.8998459167950693
CD38	0.3237621627966685	0.8537212377050378	0.4089609604715019	0.43885188627794003	0.65	1.0	bad>good	0.8998459167950693
CD3D	-0.8882387113007049	0.8251468973273074	-0.08753145600960921	0.23469980960113346	0.65	1.0	bad>good	0.8998459167950693
CD274	1.4598471666244317	1.4503297408390168	1.0814358297835704	1.2295709389412144	0.65	1.0	bad>good	0.8998459167950693
CD28	0.34188738573104793	-0.30105187132645395	0.31319063607387393	0.15414602150054066	0.65	1.0	good>bad	0.8998459167950693
CD34	1.3817874891894055	-0.5421122978298525	0.6335252170750526	0.3878487191886187	0.65	1.0	good>bad	0.8998459167950693
PSEN2	0.707911495224843	0.4160547334461376	-0.035627565449204646	-0.015003223263594379	0.65	1.0	bad>good	0.8998459167950693
PNMA1	0.53995172390029	2.0958189545463455	1.0224188875577218	1.3432130646222518	0.65	1.0	bad>good	0.8998459167950693
PIN1	-0.24086672054432107	-0.21584625117371903	-0.20956964670297384	0.06660055918241677	0.65	1.0	bad>good	0.8998459167950693
PMCH	0.7727713421418374	1.2351569306073895	1.0444997163527618	1.9006356090289867	0.65	1.0	bad>good	0.8998459167950693
CFB	0.903643689055079	-0.20977183682105066	0.4677287214132795	0.64223232108675	0.65	1.0	bad>good	0.8998459167950693
CD79A	-0.10194919331513563	0.5952641857675902	0.3213904915190629	0.2959893124058535	0.65	1.0	good>bad	0.8998459167950693
CD80	1.4380159594361186	0.9608588889568217	1.1485278071130198	1.465232451453268	0.65	1.0	bad>good	0.8998459167950693
CD84	0.8256893319831224	1.9372042619696508	1.0573689194473783	1.4287129932616167	0.65	1.0	bad>good	0.8998459167950693
CD86	1.8751472032283254	1.697454158117533	1.3027450497158959	1.7561797263878145	0.65	1.0	bad>good	0.8998459167950693
CD68	1.077390222257881	1.5180089900148364	1.0405959356959809	1.4790866632956365	0.65	1.0	bad>good	0.8998459167950693
CD7	1.1704591216191211	0.6816292427260806	0.6361203990522147	0.6864266309976349	0.65	1.0	bad>good	0.8998459167950693
IGLL1	1.0055831911069377	0.6147460014966488	0.5164940916223595	1.2758276285376478	0.65	1.0	bad>good	0.8998459167950693
LAIR2	1.4645772540437005	1.8886219317415789	1.269645676319467	1.6363381477036592	0.65	1.0	bad>good	0.8998459167950693
LAMP3	1.2111289878133682	-0.01782195731040631	0.630932475033569	0.6803068894582717	0.65	1.0	bad>good	0.8998459167950693
LBP	0.6795362139744139	0.3468359139637095	0.692187157871308	1.3846936839967408	0.65	1.0	bad>good	0.8998459167950693
KLRF1	1.0227128131090055	0.8561269978714409	1.0741827338776477	1.4868969921175317	0.65	1.0	bad>good	0.8998459167950693
KIR3DL2	0.29469842253874007	1.3053590741925132	0.6380488683311027	1.8162834052052288	0.65	1.0	bad>good	0.8998459167950693
KIR3DL3	0.00529744227505391	-0.35908122806985004	0.260850852845084	0.5624666359279725	0.65	1.0	bad>good	0.8998459167950693
ITK	0.5038538483119067	1.8047854727904908	0.6467202206223835	1.3145468795104425	0.65	1.0	bad>good	0.8998459167950693
JAK1	0.62388521071949	0.8352964950025423	0.519357786322766	0.3778916494122362	0.65	1.0	good>bad	0.8998459167950693
IFIT2	1.7617333008120284	1.1059077543825588	1.4296789757505826	1.6248016024921557	0.65	1.0	bad>good	0.8998459167950693
HSD11B1	0.690607512608191	0.7453380212324072	1.1043823484611812	1.137636887715394	0.65	1.0	bad>good	0.8998459167950693
CX3CL1	0.6689910576001138	0.7995816794694162	0.7848703892225872	0.21338751088488453	0.65	1.0	good>bad	0.8998459167950693
NUP107	-0.6031168973056081	-0.22218608562837966	-0.7074966425203401	-0.6679184377188573	0.65	1.0	bad>good	0.8998459167950693
OAS3	0.7737444557827767	0.7907156975066534	0.9000821966858038	0.8205879795661711	0.65	1.0	good>bad	0.8998459167950693
NFATC3	-0.8679467110337747	-0.14207448349293025	-0.22500584585444453	-0.37651695096032395	0.65	1.0	good>bad	0.8998459167950693
MYD88	1.1969153323834092	1.2521220263182662	1.0948242718973182	0.911140494506375	0.65	1.0	good>bad	0.8998459167950693
NCAM1	0.6988687807237719	0.8067414643086035	0.7781935035809529	0.7380469679329287	0.65	1.0	good>bad	0.8998459167950693
NEFL	0.5666992873449803	0.6475368913719163	0.5936151639548708	1.0954502189996018	0.65	1.0	bad>good	0.8998459167950693
CLEC6A	1.4908706085404209	0.9878736789240646	0.8121274562532429	1.4478139234426435	0.65	1.0	bad>good	0.8998459167950693
CLU	1.4274481090970386	1.1370023312413455	1.136117666975893	1.6164380256387203	0.65	1.0	bad>good	0.8998459167950693
CFP	2.0167518386558676	0.8423545623477813	1.3911877184364203	1.3541147770898354	0.65	1.0	good>bad	0.8998459167950693
CHIT1	0.9244810455613045	1.155720286489117	1.0044879337421468	0.8600933816761199	0.65	1.0	good>bad	0.8998459167950693
PSMD7	-0.18463373709991215	-0.5037661712587747	-0.31398684540935323	-0.15933672186083603	0.65	1.0	bad>good	0.8998459167950693
FEZ1	1.1749084549013067	2.1143134961204733	1.1542617217531084	1.5847711908643636	0.65	1.0	bad>good	0.8998459167950693
FADD	0.7398421648463261	0.7800705398221341	0.6683287083456418	1.4610824638223485	0.65	1.0	bad>good	0.8998459167950693
FCER1A	1.0512118060842734	1.4451779372206013	1.0657421693111113	0.4032978430298315	0.65	1.0	good>bad	0.8998459167950693
ELANE	1.0615818176137097	1.6147827683724123	0.9364070870146833	1.4746618929405653	0.65	1.0	bad>good	0.8998459167950693
DPP4	0.8450611907797072	0.6769139661287855	0.540562899984506	1.0248719226887122	0.65	1.0	bad>good	0.8998459167950693
ECSIT	-0.3820382499288446	-0.8307056171170548	-0.7215821974177707	-0.09588562566734356	0.65	1.0	bad>good	0.8998459167950693
MPPED1	0.6894369829055906	1.3676252195951872	0.6243377418328546	1.5223660447001695	0.65	1.0	bad>good	0.8998459167950693
MUC1	0.43766444091533785	0.7352353535070811	0.43599192036179296	-0.18376183296006113	0.65	1.0	good>bad	0.8998459167950693
MNX1	-1.4406159107919732	0.0883424222829455	-0.9313525781692612	0.12785567097724523	0.65	1.0	bad>good	0.8998459167950693
MARCO	0.5219809131116152	1.070789515311682	0.7706930958516215	1.4956205243060043	0.65	1.0	bad>good	0.8998459167950693
MASP2	0.6377230642938224	0.6718750770561849	1.0260942694887918	1.048138267840927	0.65	1.0	bad>good	0.8998459167950693
MCAM	0.49217801932478206	0.8634719636326094	0.7743419867959717	0.6011583766105932	0.65	1.0	good>bad	0.8998459167950693
CYFIP2	0.8508095744399653	0.6445588602470451	0.45959774643481116	1.2417635646459064	0.65	1.0	bad>good	0.8998459167950693
CXCR3	0.366931203850819	-0.2921931883600041	0.28030074656980525	0.3383830964288606	0.65	1.0	bad>good	0.8998459167950693
LY96	1.3211781693888291	1.3222708609095375	1.3422471110118923	1.196373422824517	0.65	1.0	good>bad	0.8998459167950693
LTA	0.2864920370647156	0.7453948917082397	0.42610004759784603	0.5803790060604707	0.65	1.0	bad>good	0.8998459167950693
HLA-DMA	1.025451522190285	1.932036342582105	1.22620457154569	0.7595966210373221	0.65	1.0	good>bad	0.8998459167950693
HLA-DPA1	0.9402120737862415	1.3509136193130775	1.03544916922657	0.20516825531931712	0.65	1.0	good>bad	0.8998459167950693
HLA-DPB1	0.8071983697487861	1.4233055683573403	1.0481130568422428	0.26914581571046003	0.65	1.0	good>bad	0.8998459167950693
HAMP	0.4934424173104738	0.08040174887512772	0.6791842346895871	1.1036659948326741	0.65	1.0	bad>good	0.8998459167950693
HLA-A	0.996599627477198	1.1415235956471705	0.8905185738348195	1.026090877160762	0.65	1.0	bad>good	0.8998459167950693
HLA-C	1.1837806955568475	1.1888820750982712	0.9941567393774507	1.1442636458203193	0.65	1.0	bad>good	0.8998459167950693
GAGE1	0.8046044840292883	0.2867734967857888	0.6762889571705588	1.3344540156515121	0.65	1.0	bad>good	0.8998459167950693
GATA3	1.2921269154850377	2.09250505628859	1.3435783001774981	1.233093370312776	0.65	1.0	good>bad	0.8998459167950693
GZMH	-0.26577972994856747	0.24673221769103731	0.6478773865845081	0.6788870196546971	0.65	1.0	bad>good	0.8998459167950693
FOXP3	0.8654026873544773	-0.43937351051221074	0.4137064046535162	0.5165388892111887	0.65	1.0	bad>good	0.8998459167950693
FUT5	0.8063635329868875	0.9115162676045206	0.8472831379135619	1.5253598571885643	0.65	1.0	bad>good	0.8998459167950693
TNFSF11	0.09958842689479797	0.667025524990311	0.6639903638597678	0.5601468604701499	0.65	1.0	good>bad	0.8998459167950693
TNFSF13	0.94253834688741	0.08892956865637847	0.3328022507812898	0.8736829999008351	0.65	1.0	bad>good	0.8998459167950693
TNFRSF13B	-0.4438980859898283	-0.2645155648142543	-0.3918170806806534	-0.3775597217507915	0.65	1.0	bad>good	0.8998459167950693
BTK	1.3610961725650466	1.7492737051121163	1.356238538021706	1.407079040261545	0.65	1.0	bad>good	0.8998459167950693
BIRC5	-0.62797755517572	-0.5077388710730998	-0.8193124142343248	-0.7591213144297736	0.65	1.0	bad>good	0.8998459167950693
BLK	0.6912989120253452	0.9917605934140669	0.5670080108157833	0.7839312536385493	0.65	1.0	bad>good	0.8998459167950693
ATM	-0.18906796250776722	1.234784905975028	0.44659773353756393	1.3649026202721057	0.65	1.0	bad>good	0.8998459167950693
ATG16L1	0.03459818348426963	0.1116422509259482	0.13988984773384366	0.03085591393985158	0.65	1.0	good>bad	0.8998459167950693
IL2RB	0.7094915754907994	0.8996143708513603	0.45800311945657696	0.4747690898774984	0.65	1.0	bad>good	0.8998459167950693
IL2	0.07724635974630023	0.0910302476998848	0.12219371727196238	0.8899127069888996	0.65	1.0	bad>good	0.8998459167950693
IL22	0.0034511388765110507	0.48326638106224434	0.5596430564706815	0.5893313854281236	0.65	1.0	bad>good	0.8998459167950693
TLR9	1.1756892702040231	0.4556455212706801	0.7321630011889863	1.0987528924555428	0.65	1.0	bad>good	0.8998459167950693
TBX21	0.13882752361767733	1.456418299537667	0.6672825578671165	1.1245545916222657	0.65	1.0	bad>good	0.8998459167950693
TFE3	1.0084553749222296	1.0629497783896513	0.9528871928615331	1.327819008977302	0.65	1.0	bad>good	0.8998459167950693
CCL17	0.16018176906075077	1.0000821295560625	0.8665175923169973	1.0691362118719598	0.65	1.0	bad>good	0.8998459167950693
CCL19	0.269630771558886	0.7648444100361378	0.36447176389780117	0.7748395110764075	0.65	1.0	bad>good	0.8998459167950693
CCL2	1.3039807049871845	1.4618850755806962	1.2749623741512988	0.9281116934954664	0.65	1.0	good>bad	0.8998459167950693
CCL11	0.05054387861159798	0.13518270400126353	0.6979236527179963	0.9167886590126603	0.65	1.0	bad>good	0.8998459167950693
C8B	0.5095330034473955	0.9531728833742701	0.49854527999644277	1.6332206914822243	0.65	1.0	bad>good	0.8998459167950693
APOE	0.9446508355480525	1.1824445873979748	1.1821409391872655	0.8517004760831002	0.65	1.0	good>bad	0.8998459167950693
CARD11	-0.18240483993074608	0.2832122671491979	-0.5811867413555575	-0.18869752941889492	0.8	0.7	bad>good	0.8998459167950693
USP9Y	0.20322232918218797	0.6100095460312482	0.7395690210123339	0.7807090820115891	0.8	0.7	bad>good	0.8998459167950693
APP	0.23390915721949407	1.4178866026933843	-0.11367453939859606	0.9268717951298256	0.8	0.7	bad>good	0.8998459167950693
UBC	0.32468480154689616	1.743729441754637	0.4105853969291709	1.233444007785448	0.8	0.7	bad>good	0.8998459167950693
CASP3	-0.18321713257810096	1.5898754969948867	-0.2645025400234926	0.3163005297147204	0.8	0.7	bad>good	0.8998459167950693
CCL20	0.21800337812911413	1.3634245493622636	0.030546823243317683	1.1372937997944543	0.8	0.7	bad>good	0.8998459167950693
CCL21	0.6373491083988101	1.7418385950722162	0.4035160540569788	0.5181889237519831	0.8	0.7	bad>good	0.8998459167950693
CCL14	0.48188818233551123	1.609149929601746	0.2883217037749546	1.171070972509875	0.8	0.7	bad>good	0.8998459167950693
C9	0.8055349822154598	1.6392999959752848	0.9763874526198135	1.6684170517673076	0.8	0.7	bad>good	0.8998459167950693
IL2RG	-0.17803792367631913	1.7942960955655707	0.17095464449782824	0.6384318059697834	0.8	0.7	bad>good	0.8998459167950693
IL3	0.25165215845547667	0.6778926074577147	0.08160884570949434	1.2863849267444583	0.8	0.7	bad>good	0.8998459167950693
ATF1	-0.7100408485280779	0.16528924372784493	-0.6996675561594321	-0.42255804866524144	0.8	0.7	bad>good	0.8998459167950693
IL3RA	0.6919320763866552	0.9959666909779306	1.0448003547772444	1.4123481102749562	0.8	0.7	bad>good	0.8998459167950693
IL26	0.4997912383502692	1.446837922090646	-0.0016739588318721577	1.5056587849747263	0.8	0.7	bad>good	0.8998459167950693
TIGIT	-0.642677159201815	1.467250628259918	0.5201495189775432	1.471136947548797	0.8	0.7	bad>good	0.8998459167950693
CASP1	0.36861065800026016	1.3544792789188025	0.028907682489827558	0.6557384349133285	0.8	0.7	bad>good	0.8998459167950693
IL32	1.0006802057910793	1.8323855549077206	0.686352394880411	0.8288429615714965	0.8	0.7	bad>good	0.8998459167950693
IL27	0.9654397425757402	2.524709399880122	1.115623263440273	1.65565194502033	0.8	0.7	bad>good	0.8998459167950693
HLA-B	0.9363422929958106	1.4124945261924275	0.7292804330532677	1.1138661531966745	0.8	0.7	bad>good	0.8998459167950693
LGALS3	-0.21369754527564477	1.4217178334787461	-0.11401064550041219	0.25222282391410866	0.8	0.7	bad>good	0.8998459167950693
GTF3C1	0.6631583756603978	1.252064951400384	0.5689950335551371	0.5130137730703578	0.8	0.7	good>bad	0.8998459167950693
GZMA	-0.8668276014584165	1.6643920969541433	0.21464544550801223	1.3642215321037765	0.8	0.7	bad>good	0.8998459167950693
FCER2	0.7830462910355457	1.44075690217012	0.6702337696437107	0.9064683694272316	0.8	0.7	bad>good	0.8998459167950693
FN1	-0.052168373028611326	1.6592776232119153	-0.0593312152498599	1.1823757208149117	0.8	0.7	bad>good	0.8998459167950693
ANP32B	-0.8111801022316354	-0.5633757051646324	-0.5834936275503849	-0.5657083351198188	0.8	0.7	bad>good	0.8998459167950693
TNFRSF17	-0.3156823132999552	1.258876615631743	0.16753282468125	1.1360951951512084	0.8	0.7	bad>good	0.8998459167950693
ATG5	-0.6466381681849023	0.7258336666773585	-0.5702565281602487	-0.07816849546732918	0.8	0.7	bad>good	0.8998459167950693
BCL10	-0.048717138412862196	1.5051378431466675	-0.14204031799206826	0.9717142524483741	0.8	0.7	bad>good	0.8998459167950693
BID	-0.42767077438939316	0.11396757369348309	-0.41349940724225576	1.1327368457185572	0.8	0.7	bad>good	0.8998459167950693
C1QB	0.8011603517312058	1.7890358250080958	0.8309778376995495	0.782317639173015	0.8	0.7	good>bad	0.8998459167950693
IL25	0.13496208522730932	0.8456496177660328	0.47282366949110105	1.487620762037768	0.8	0.7	bad>good	0.8998459167950693
IL5RA	1.1698192726214163	1.7524835309958025	1.1290872804142928	1.734239042442918	0.8	0.7	bad>good	0.8998459167950693
MAPK3	-0.28007864745018807	1.39700119598811	-0.20484006417874623	0.08130205845874745	0.8	0.7	bad>good	0.8998459167950693
MAP2K4	-0.35000508150576903	2.1577086303353328	-0.10480074063893625	1.1690003676554532	0.8	0.7	bad>good	0.8998459167950693
MAGEB2	0.3892335631181234	1.531407046651939	0.4930159597905297	1.8048781337121698	0.8	0.7	bad>good	0.8998459167950693
MAGEA4	0.008118606349261981	0.4187259520240679	0.257357040306156	1.2065703435799635	0.8	0.7	bad>good	0.8998459167950693
HLA-DMB	0.916177884612364	2.0657697357222293	0.7406115334115508	1.0019160331577206	0.8	0.7	bad>good	0.8998459167950693
LY9	0.15335033471020731	1.1495938492332272	0.4005040215194051	1.1671093263667585	0.8	0.7	bad>good	0.8998459167950693
GZMK	-0.33618723370723275	0.6408316390899061	0.052486484108916674	0.7456318149843505	0.8	0.7	bad>good	0.8998459167950693
HLA-DRA	0.5761616343016387	1.082360683906866	0.6473958449021495	0.22273166066716277	0.8	0.7	good>bad	0.8998459167950693
HLA-G	0.4183225541468215	2.1014667099238946	0.376278514480759	0.9084132456158273	0.8	0.7	bad>good	0.8998459167950693
IFNA2	-0.35939947101931524	0.29273984875439557	-0.3403579247861875	1.1934206114880972	0.8	0.7	bad>good	0.8998459167950693
SH2B2	1.2480775139392657	1.8959737825985283	1.0614236540388986	1.1617951034128648	0.8	0.7	bad>good	0.8998459167950693
CD63	1.148668796962834	2.5691385393556634	1.0538367716290498	1.608524436231872	0.8	0.7	bad>good	0.8998459167950693
CRP	0.7246405750094309	1.8436531983033608	0.6852518822484361	1.694753720967778	0.8	0.7	bad>good	0.8998459167950693
PDCD1	1.0679034858935643	1.4106365648202797	1.0478401317088395	1.1575810597199245	0.8	0.7	bad>good	0.8998459167950693
NLRC5	0.8417213984885631	1.3745432486243983	0.8953266609711689	0.5935467502050321	0.8	0.7	good>bad	0.8998459167950693
CXCL12	0.09432794306442738	0.988411720725239	0.8789983160951135	1.2859235040104906	0.8	0.7	bad>good	0.8998459167950693
EPCAM	-0.2840018993416062	0.6194620214715201	-0.49240828872535647	-0.32148361751212073	0.8	0.7	bad>good	0.8998459167950693
COLEC12	0.8022860224570969	1.401418227469185	1.2877469742176413	1.2596098852767812	0.8	0.7	good>bad	0.8998459167950693
CHUK	-0.09334094158596251	0.6375430868888585	-0.04817965915880632	0.4516480581402851	0.8	0.7	bad>good	0.8998459167950693
CR2	0.646492816276645	1.4867024710866414	0.36764936682892296	1.6156611424847966	0.8	0.7	bad>good	0.8998459167950693
CTCFL	0.8224905188470704	1.1490431810630282	0.7170909289506707	1.1639962070351144	0.8	0.7	bad>good	0.8998459167950693
PDGFC	1.0938624496007183	2.0261438415421367	1.1152031407749485	1.1477077726058849	0.8	0.7	bad>good	0.8998459167950693
F2RL1	-0.159912621810201	1.2095994925780669	-0.1865158079134859	0.5098948402598281	0.8	0.7	bad>good	0.8998459167950693
FAS	-0.08067563327166583	1.1616498286390926	0.7312487867110868	1.4939348091548623	0.8	0.7	bad>good	0.8998459167950693
MAPK11	0.538793671005392	1.7276377334819024	0.5327831106663606	1.3557859390406979	0.8	0.7	bad>good	0.8998459167950693
DUSP6	0.4079003409128453	1.4766138321846216	0.293865724424562	0.9684163748895368	0.8	0.7	bad>good	0.8998459167950693
MR1	0.957731545288725	1.825823482897694	1.1423708067144098	1.9235742099292417	0.8	0.7	bad>good	0.8998459167950693
MRC1	0.8743665401800187	2.0568841088302268	1.0532214440690288	0.9515580884173303	0.8	0.7	good>bad	0.8998459167950693
MERTK	0.7748634080530717	1.3056433213479692	0.8144632514357553	0.9158854573338253	0.8	0.7	bad>good	0.8998459167950693
MIF	-0.2765317603696721	-0.12020770007939396	-0.46095924659263376	-0.25980746699392854	0.8	0.7	bad>good	0.8998459167950693
MAPK1	-0.05427900001594099	1.440724249089378	-0.16286284646340754	0.28847477374395	0.8	0.7	bad>good	0.8998459167950693
MAPK8	0.08762862195959698	1.3802665313368965	0.11859649576677	0.9620877134178109	0.8	0.7	bad>good	0.8998459167950693
CD8A	-0.765410401463617	0.8624618896348434	0.24776570587874414	0.9176434564852194	0.8	0.7	bad>good	0.8998459167950693
CD96	-0.5844508305244704	1.8004220440073126	-0.15307708492608949	0.85671727467777	0.8	0.7	bad>good	0.8998459167950693
CD58	0.16300510556464137	1.7866798495630405	0.3094075339380111	0.5515932116710841	0.8	0.7	bad>good	0.8998459167950693
KLRB1	-0.5076677475760092	0.6783937857948105	-0.476758605085793	-0.15060761281608967	0.8	0.7	bad>good	0.8998459167950693
KLRK1	-0.5532992505950258	1.5109007844820597	0.6038259277228478	1.442734039091162	0.8	0.7	bad>good	0.8998459167950693
KIR3DL1	1.0592908016694897	1.6515733084157744	1.0685920737169734	1.3311882325963764	0.8	0.7	bad>good	0.8998459167950693
LCK	-0.7370988752916122	0.18568058260596287	0.28638184990294896	0.7242525025972949	0.8	0.7	bad>good	0.8998459167950693
KLRG1	0.3484136525424373	0.6278308859781317	1.237131148700293	0.8468833321740047	0.8	0.7	good>bad	0.8998459167950693
IFI27	0.5092708543116642	1.704352343156086	0.3081923286436406	0.5517063376433077	0.8	0.7	bad>good	0.8998459167950693
IFNA17	0.909429765623309	1.5252896149976618	0.7137101324235374	1.5012744911356297	0.8	0.7	bad>good	0.8998459167950693
IFNGR1	0.5403255205259466	1.959001261312462	0.5004929322055937	0.8264690044212029	0.8	0.7	bad>good	0.8998459167950693
PBK	-0.938766018550977	0.24723069262780967	-0.8023708343602057	0.09680512473252818	0.8	0.7	bad>good	0.8998459167950693
PAX5	0.7708596135046537	1.6735098821441707	0.5611492422245273	1.3340429705946566	0.8	0.7	bad>good	0.8998459167950693
CTSW	-0.6375194309215634	1.5880365737427011	0.32757750378862	1.2549362300827094	0.8	0.7	bad>good	0.8998459167950693
CTSS	0.5038930855389189	1.7576932717974565	0.24571447839140625	0.6307965241365302	0.8	0.7	bad>good	0.8998459167950693
CXCL13	1.241688607082647	2.0775951279968616	0.5159005952578257	1.110837560877601	0.8	0.7	bad>good	0.8998459167950693
TNFSF10	0.8847479195482502	1.6250142829017284	0.3118431725985171	1.1306586986002378	0.8	0.7	bad>good	0.8998459167950693
YTHDF2	0.06722370247594617	0.5060036023725439	-0.05961028826270617	0.022380009052960597	0.8	0.7	bad>good	0.8998459167950693
TPTE	0.4572708431247633	0.6378901565480528	0.43357740292158525	1.5386570409176288	0.8	0.7	bad>good	0.8998459167950693
IRGM	1.0460514811913726	1.9223982517852694	0.8520125290907986	1.8316805759501367	0.8	0.7	bad>good	0.8998459167950693
IFNL1	-0.28413420559777786	2.1355832699005064	-0.07240614483236862	1.7677834970017952	0.8	0.7	bad>good	0.8998459167950693
IFNL2	0.7373032969294497	1.71214518492531	0.45004288515925633	1.6661978795084227	0.8	0.7	bad>good	0.8998459167950693
IL18	0.2660675429975513	2.3628981069290496	0.19488307288712683	1.6189777909596152	0.8	0.7	bad>good	0.8998459167950693
IL13	0.7058097045998714	1.7928399044684384	0.7139652836809947	1.6772121491469238	0.8	0.7	bad>good	0.8998459167950693
SSX1	0.21621160897178454	1.4632287280090501	0.3417478574726743	1.5167066177576078	0.8	0.7	bad>good	0.8998459167950693
SMAD2	0.1454824439647684	1.1925386929730741	0.01617243858362653	0.11651738246597043	0.8	0.7	bad>good	0.8998459167950693
SMAD3	0.3245611050133813	0.3562248635340345	-0.18020620900045403	1.1329418809712393	0.8	0.7	bad>good	0.8998459167950693
CCL28	-0.3078214532412755	1.2996504629509225	-0.48976343882784884	0.7066448531761358	0.8	0.7	bad>good	0.8998459167950693
CCR6	0.1349905773726773	1.9235542084119766	-0.0856722585406886	1.3406983383910298	0.8	0.7	bad>good	0.8998459167950693
CCR4	0.5819590054605703	1.8482996439742783	0.9455706946241129	1.4838008727165841	0.8	0.7	bad>good	0.8998459167950693
TLR6	1.2432532505483644	1.4038799234162975	1.4623686681319537	1.4536912066314407	0.8	0.7	good>bad	0.8998459167950693
CD19	-0.18173238099009997	1.5398832664622164	0.27308850818126706	1.0193783389435696	0.8	0.7	bad>good	0.8998459167950693
SH2D1A	-0.4098816948825731	0.34996107223709916	0.13469428667135963	0.6157440056888762	0.8	0.7	bad>good	0.8998459167950693
SAA1	-0.41021791839136457	-0.407383406583784	0.10088222996107772	0.6044236750675944	0.8	0.7	bad>good	0.8998459167950693
REPS1	-0.2509163703531424	0.3680356879160966	-0.0773036835104533	-0.4318919850097283	0.8	0.7	good>bad	0.8998459167950693
S100A7	-0.09451561623184263	0.35415601897745086	-0.337917196527832	0.9152140751655159	0.8	0.7	bad>good	0.8998459167950693
TLR3	-0.506958004737796	2.653407801808391	-0.5981995001133352	1.4223584821307433	0.8	0.7	bad>good	0.8998459167950693
TNFRSF12A	0.6696440439465674	0.6750301530970545	0.646854751351198	1.3753928855068291	0.8	0.7	bad>good	0.8998459167950693
TNFRSF11A	-0.513793824416893	1.0455115453178605	-0.6603028988514051	0.32591736574451796	0.8	0.7	bad>good	0.8998459167950693
SPANXB1	0.008997680543883169	1.2384956207125322	0.13540381268191662	0.9003413964161094	0.8	0.7	bad>good	0.8998459167950693
TLR7	1.0022309000533938	1.328056853636771	0.9677875870066707	1.3617394487955095	0.8	0.7	bad>good	0.8998459167950693
CD3E	-0.9844360173460089	0.0	0.23911768342622555	0.28553863529230283	0.8	0.7	bad>good	0.8998459167950693
CD3G	-0.47051661659370325	2.19817012824684	0.4391719276569179	1.8958802278436684	0.8	0.7	bad>good	0.8998459167950693
CD48	0.5423692658774611	1.9717158539793354	0.8532406588547344	1.046600944379306	0.8	0.7	bad>good	0.8998459167950693
RORC	1.0256381509647967	1.5069629703741145	0.5788704547877384	1.4392535575543466	0.8	0.7	bad>good	0.8998459167950693
CD33	0.6447254909896303	1.2033068231938655	1.4648708759088402	1.1802072841956313	0.8	0.7	good>bad	0.8998459167950693
CD27	-0.41521591413496367	0.6416933293407724	0.3135334387819313	0.7304123530357377	0.8	0.7	bad>good	0.8998459167950693
CD37	0.5126364342049965	1.4350857295780646	1.352909210713177	1.2665103962847812	0.8	0.7	good>bad	0.8998459167950693
CD2	0.56091356215091	1.0072702376330833	1.0717600545112813	0.9312110113917239	0.8	0.7	good>bad	0.8998459167950693
CD209	1.6304618795992463	1.808008943067552	1.2549295045904814	1.7127606467518577	0.8	0.7	bad>good	0.8998459167950693
CD22	-0.5145988558890366	1.4883313379194778	0.1255828321861289	1.4437327163763507	0.8	0.7	bad>good	0.8998459167950693
CD160	0.41851964980178064	2.180433532149069	0.19276971742218726	1.2509345123155027	0.8	0.7	bad>good	0.8998459167950693
CD180	-0.007421883423363584	1.5558956696370785	0.6181554289304915	1.2418648792226519	0.8	0.7	bad>good	0.8998459167950693
CD164	-0.4977030660575289	1.0732333408884207	-0.5967449634888915	-0.19839227562678166	0.8	0.7	bad>good	0.8998459167950693
PPARG	0.08886940642394947	0.4252817567619239	-0.33172489139152667	0.5679561063247359	0.8	0.7	bad>good	0.8998459167950693
CD1D	0.6946355907557085	1.7254901596670187	0.4221826343880857	1.3575870443569327	0.8	0.7	bad>good	0.8998459167950693
CEACAM8	1.525489511241745	2.2220012072929287	1.0666322537584643	1.4955208246393894	0.8	0.7	bad>good	0.8998459167950693
PTGDR2	0.8315491223699111	1.6803830000069055	0.8492861342553284	1.6881584799902	0.8	0.7	bad>good	0.8998459167950693
PRKCD	-0.13836004549986516	1.1125779010385914	0.12722408554566075	1.3890474984172687	0.8	0.7	bad>good	0.8998459167950693
PSEN1	-0.1776224814817355	1.7586025749221519	-0.15452354021483206	0.6705906798797199	0.8	0.7	bad>good	0.8998459167950693
PIK3CG	0.8968245989848203	1.3755086460863457	1.2129640942388213	1.3205443386152969	0.8	0.7	bad>good	0.8998459167950693
CD79B	-0.5902599718476069	0.7591631702402423	0.16548541367504996	0.7930746440326869	0.8	0.7	bad>good	0.8998459167950693
CDH5	-0.33903778301201004	1.6078558136194856	0.8230714871306315	1.109284782587317	0.8	0.7	bad>good	0.8998459167950693
CDH1	-0.7047191997072929	0.854462785785105	-0.7629850517176009	-0.27777410082040754	0.8	0.7	bad>good	0.8998459167950693
IL1RAPL2	0.5244973701130787	1.4775247043514264	0.7394227860730517	1.251148689766493	0.8	0.7	bad>good	0.8998459167950693
ITGA2B	0.8486985872149462	2.0326107684181616	1.1415811284938007	1.0587506730226706	0.8	0.7	good>bad	0.8998459167950693
ITGA6	-0.29214606575392227	0.8461348397570742	-0.17421812241344023	0.19020674530783924	0.8	0.7	bad>good	0.8998459167950693
IL7	-0.5328996161386044	0.5837835971248049	0.45067075753862285	0.9536023866840386	0.8	0.7	bad>good	0.8998459167950693
IRF2	0.9726260591031968	2.221388198312671	1.1659213739098047	1.7873952125586456	0.8	0.7	bad>good	0.8998459167950693
ITCH	-0.1297391816154494	0.24151266222827536	-0.4233935320993824	-0.25379249190255854	0.8	0.7	bad>good	0.8998459167950693
ISG20	1.3953337103450862	1.4102880493198384	0.6913021922694439	1.685711599027605	0.8	0.7	bad>good	0.8998459167950693
IL22RA2	-0.26339337182131006	0.5069618572264951	-0.03080359051528747	0.6698298261266374	0.8	0.7	bad>good	0.8998459167950693
IL12A	-1.4477556891921213	0.8331901697142906	-0.9688358218167722	0.2810265468207002	0.8	0.7	bad>good	0.8998459167950693
IL11RA	0.8484980368840158	1.7077814586383457	0.25887671779350613	1.0962915396461939	0.8	0.7	bad>good	0.8998459167950693
CCL5	-0.40879372987673035	0.6852819418138955	0.46193447650401814	0.7754959159417513	0.8	0.7	bad>good	0.8998459167950693
CCRL2	-0.046797882618380776	1.3925146723468833	0.3786495229524389	1.4664015548417	0.8	0.7	bad>good	0.8998459167950693
SEMG1	1.1378009019928879	1.664731434177142	0.9813065084195883	1.6709811725268817	0.9	0.4	bad>good	0.9412607449856734
CCL26	0.956977321463882	1.3056916361725939	0.7147040395182683	1.7543622528046454	0.9	0.4	bad>good	0.9412607449856734
TICAM2	0.6927811348477361	1.69407326859874	1.2131924234010045	1.9436253178393683	0.9	0.4	bad>good	0.9412607449856734
IL34	0.5368075175516183	2.719736707752176	0.45549709714692627	1.6623154685413049	0.9	0.4	bad>good	0.9412607449856734
PLA2G1B	-0.49353725064042975	0.6485362564639126	-0.45400166081192656	1.0309305602947643	0.9	0.4	bad>good	0.9412607449856734
PRAME	-0.4530614087890345	0.5447931620396687	0.09661985764570434	1.237178260275158	0.9	0.4	bad>good	0.9412607449856734
CEACAM1	-0.044882201814658296	1.5678764694948795	-0.4960262475040884	1.2957502565128847	0.9	0.4	bad>good	0.9412607449856734
CEACAM6	0.20406828341648198	1.1133854491426438	-0.20326170217931408	1.150422103024531	0.9	0.4	bad>good	0.9412607449856734
TREM2	1.1699234186305596	1.8322757660557065	1.0082938638074188	1.7095494461600065	0.9	0.4	bad>good	0.9412607449856734
IL17B	0.2720088290820911	1.3936742678114422	-0.10937321742629129	1.1722556045928878	0.9	0.4	bad>good	0.9412607449856734
IL19	0.1268346390401067	1.582367414048213	0.88867743577768	1.8022213745916418	0.9	0.4	bad>good	0.9412607449856734
TOLLIP	-0.09932257366175892	0.5466169586101821	0.49757536791054796	0.8349621553004153	0.9	0.4	bad>good	0.9412607449856734
SMPD3	0.07071431179081544	1.2120821723458342	-0.4056818904066746	0.6624978776068664	0.9	0.4	bad>good	0.9412607449856734
SPINK5	0.1576668149314842	1.5660901252247135	-0.014943175822792107	1.5576144474177547	0.9	0.4	bad>good	0.9412607449856734
SYCP1	0.9646806435666195	1.1060833550517117	1.1751553386380278	1.7848075273243786	0.9	0.4	bad>good	0.9412607449856734
RRAD	1.167032662667783	2.3317548262892793	0.845304983075851	1.6677912139105373	0.9	0.4	bad>good	0.9412607449856734
CXCR5	0.9713350995936616	2.0470581312748544	0.5673222188129251	1.4999029902831431	0.9	0.4	bad>good	0.9412607449856734
IFNA7	0.4854227408754184	0.9697148477414137	0.3025288954306099	1.483016558363417	0.9	0.4	bad>good	0.9412607449856734
KLRD1	-0.620105206332698	1.295450774757326	0.08902159745298784	1.216008091335215	0.9	0.4	bad>good	0.9412607449856734
KIT	-0.14288950540233558	1.987316043265597	0.24495792761581922	1.256937826122509	0.9	0.4	bad>good	0.9412607449856734
MAP2K1	0.18951168761151083	0.5154338590126579	0.12112394836204911	0.6618687809698468	0.9	0.4	bad>good	0.9412607449856734
MAGEC1	0.15306461703624147	2.4728611935910427	-0.19012740435980113	1.9014271483346306	0.9	0.4	bad>good	0.9412607449856734
LTF	0.4902226622762462	0.9019794772805483	0.15741514172151058	1.4257086467138693	0.9	0.4	bad>good	0.9412607449856734
LILRA4	0.45479476604433167	0.9708920651514368	1.0206149331288172	1.7481601709908816	0.9	0.4	bad>good	0.9412607449856734
LY86	-0.6396060848310174	2.4195870580222634	0.2926723442046622	1.844682673031751	0.9	0.4	bad>good	0.9412607449856734
IL22RA1	-0.8096618696479811	1.413941431053237	-0.5213059412260298	0.7814599754944695	0.9	0.4	bad>good	0.9412607449856734
IL4	0.632592056734084	0.895069408136646	0.623152599861354	1.8279869800528232	0.9	0.4	bad>good	0.9412607449856734
ARG2	-0.682346015276804	0.39776941376310426	-0.6129230271980682	1.2533271509656723	0.9	0.4	bad>good	0.9412607449856734
CCL16	-0.4331513567896997	0.08250874038857015	-0.3388249523797804	1.0292498827802	0.9	0.4	bad>good	0.9412607449856734
CCL13	-0.009901947735330652	2.9325052359724264	-0.1162121174154766	1.858567944520951	0.9	0.4	bad>good	0.9412607449856734
C5	0.32338936234998705	0.7856419031420849	0.2842103945028836	1.3988640650533666	0.9	0.4	bad>good	0.9412607449856734
C6	0.43077538583438285	1.8226548415810266	0.4339841026546824	1.6852786815194796	0.9	0.4	bad>good	0.9412607449856734
CASP10	-0.1857849849219803	1.045780680505449	0.531671041333932	1.3838044959516613	0.9	0.4	bad>good	0.9412607449856734
C8G	0.4521263187151261	1.616647667899762	0.6267494710091398	1.9483254302496544	0.9	0.4	bad>good	0.9412607449856734
TANK	0.4393353326226338	1.7095118391228254	0.418833518798673	1.2037046560104734	0.9	0.4	bad>good	0.9412607449856734
CD247	-0.9625354660024692	1.1295321845926685	0.12303806933443817	1.4184085134061093	0.9	0.4	bad>good	0.9412607449856734
NT5E	0.9057240046039955	1.6085762928795149	0.620012881339114	1.7970628468873668	0.9	0.4	bad>good	0.9412607449856734
NOS2A	-0.9065372469041585	0.5246599485425811	-0.37076665510108314	0.3231730623544016	0.9	0.4	bad>good	0.9412607449856734
CMA1	-0.37208629840967933	1.4485965144178987	0.3362851013640517	1.1565973892221724	0.9	0.4	bad>good	0.9412607449856734
NCR1	-0.6633158713786914	-0.3092897950542075	-0.6882503730819302	1.0046330848576852	0.9	0.4	bad>good	0.9412607449856734
CXCR6	0.16366453759694	0.7289119052799731	0.24968716189728868	1.282506355386908	0.9	0.4	bad>good	0.9412607449856734
DEFB1	-0.4247639429876937	1.6310170472117629	0.335842999830747	1.6842644808342866	0.9	0.4	bad>good	0.9412607449856734
MS4A1	-0.14936451406024184	1.7692585148944784	-0.995995710189867	0.9056176087334747	0.9	0.4	bad>good	0.9412607449856734
MST1R	-0.4893511985159281	0.5640990848029446	-0.29118132238869326	1.0029095936490953	0.9	0.4	bad>good	0.9412607449856734
CDKN1A	1.631509949553514	2.5041118843433887	1.1482447051218525	2.0058561298913293	0.9	0.4	bad>good	0.9412607449856734
KIR_Activating_Subgroup_2	0.45242728631565887	0.717299764068303	0.18734280580560014	1.6765098056280954	0.9	0.4	bad>good	0.9412607449856734
HMGB1	-1.1693221005851995	-0.09759269567585252	-1.281756933673954	-0.21605536928104696	0.9	0.4	bad>good	0.9412607449856734
HLA-DRB4	0.31579349377565435	0.4557848984692443	0.22964424437718398	0.48358331755758144	0.9	0.4	bad>good	0.9412607449856734
CCL27	0.0778356566418279	1.8352289567331377	0.08508868371508142	1.8264487802319813	0.9	0.4	bad>good	0.9412607449856734
C4BPA	0.1613548265198003	1.3263240186026541	0.20295246056461427	1.1769322815390906	0.9500000000000001	0.2	bad>good	0.9767605633802817
DDX43	0.4569722914462791	0.952086787379611	0.5736373175234547	1.8208860674059248	0.9500000000000001	0.2	bad>good	0.9767605633802817
LCN2	-0.6896846749762	0.973051522543794	-0.26069492386427817	1.163735879158833	0.9500000000000001	0.2	bad>good	0.9767605633802817
SPA17	-1.172849557239993	2.311549170607985	-0.7578853467991448	1.592908919153898	0.9500000000000001	0.2	bad>good	0.9767605633802817
BTLA	0.5224600148360777	1.615887617309956	0.5686286938449983	1.698343533338712	0.9500000000000001	0.2	bad>good	0.9767605633802817
TNFRSF13C	-0.2931759658458207	1.5177677531924332	0.12061433661202627	1.4012846099549738	0.9500000000000001	0.2	bad>good	0.9767605633802817
TLR10	-0.0038241701227087477	1.7117263110600212	0.382741064596017	1.4632113104237707	0.9500000000000001	0.2	bad>good	0.9767605633802817
GZMM	-0.07504316613959844	1.191435707758314	0.19245506108032476	1.638230987483584	0.9500000000000001	0.2	bad>good	0.9767605633802817
CD59	1.0435738224008295	2.4351760926423918	1.051919703643968	2.050669581847887	0.9500000000000001	0.2	bad>good	0.9767605633802817
ROPN1	1.059648449252123	1.9781564959765365	0.8372645442764055	2.0162584930274874	0.9500000000000001	0.2	bad>good	0.9767605633802817
CD207	0.9966857639159237	1.5737280550551809	0.7434901320863684	2.0258634664315296	0.9500000000000001	0.2	bad>good	0.9767605633802817
DMBT1	-1.1130796190244439	-0.38559321851159156	-1.055683643032743	-0.1601108245390501	0.9500000000000001	0.2	bad>good	0.9767605633802817
KLRC2	0.007870935056207506	1.7010553557269543	-0.08507222077171255	1.777236346682965	1.0	0.1	bad>good	1.0
ITGB1	0.39097155069277323	2.1061962240920544	0.3730552267572927	1.8962571956678003	1.0	0.1	bad>good	1.0
KIR_Inhibiting_Subgroup_2	-0.785760746959555	1.4238851374783623	-1.0902367489623712	1.701672853644123	1.0	0.1	bad>good	1.0
CTAG1B	-0.5114223446314703	0.9593288309612986	-0.3731571911688012	0.8820219781643165	1.0	0.1	bad>good	1.0
THBS1	0.15728580109554724	1.3388595872833233	0.17461386655267166	1.6395476213378057	1.0	0.1	bad>good	1.0
C8A	0.35400332555276315	1.5186943520124196	0.286038044849596	2.1616417909861774	1.0	0.1	bad>good	1.0
CCL15	-0.10468355582590938	1.7126983377951839	-0.6538173158401941	1.8530309258999136	1.0	0.1	bad>good	1.0
KLRC1	0.387070541542199	1.922633124233565	0.39317494708867445	2.025196157285326	1.0	0.1	bad>good	1.0
CD1A	0.03468631047152282	1.3100835495993144	0.3368154435206748	1.8167177350578563	1.0	0.1	bad>good	1.0
TBK1	0.16699940004170188	0.9024957337873114	0.15522734339127586	0.8708093088333221	1.0	0.1	bad>good	1.0
CD1C	0.8568735928606632	2.048911026049571	0.3348145688245919	1.752224435424834	1.0	0.1	bad>good	1.0
SH2D1B	0.0067805035678671355	1.8881002562028544	-0.019071461205974378	1.9126835279752463	1.0	0.1	bad>good	1.0
TARP	0.752861131837115	1.6172835531473635	0.7227369984419907	1.8026745450739299	1.0	0.1	bad>good	1.0
RAG1	-0.627275482776805	1.8569517824204569	-0.36833043853365527	2.0939194745861274	1.0	0.1	bad>good	1.0
CCL25	0.6169406439275917	1.71978973438231	0.415810173555891	1.993233493850424	1.0	0.1	bad>good	1.0
IL23R	0.6656076106323748	1.947193712338706	0.12081034352223718	1.9345354739476852	1.0	0.1	bad>good	1.0
AICDA	0.7670676109713073	2.0366265777382186	0.877944558437738	2.2796588156992574	1.0	0.1	bad>good	1.0
ITGAE	-1.1513048838421436	-0.33335709173593253	-1.063080661770073	-0.12086567581089898	1.0	0.1	bad>good	1.0
XCL2	0.004714647026692609	2.208285991504572	-0.11760502394182527	2.3226698118210494	1.0	0.1	bad>good	1.0
TP53	-0.7954184976269894	-0.34977610881592325	-0.8410308048111963	-0.12180970843183869	1.0	0.1	bad>good	1.0
