gene	subj_2	subj_4	subj_14	subj_10	subj_11	subj_13
A2M	2.0580687973863845	0.5254211019175721	0.062079753449248765	0.7092021032206354	2.8045658577942394	-2.2957590246034356
ABCB1	-1.6168784041289521	0.6565269172983209	1.1498504912364957	0.987867233434811	2.060167071509228	-1.990721671504317
ABL1	2.8682786192319556	-0.41878634204897314	0.14061067313873044	-0.18833978790775197	-0.5974513281416949	0.14993121785717267
ADA	-0.12287324418822798	0.7450690943705134	-0.5359638633264964	-0.38213879801353445	-0.22088550468288204	3.829516126081405
ADORA2A	2.060667661183336	1.8754292470834129	0.22374054906176313	-0.6251149693705698	0.9001988448075289	2.1197877248594237
AICDA	1.1975785278950295	0.6691875364468772	0.7670676109713073	3.128752978690793	1.673596890668761	2.0366265777382186
AIRE	0.08079958719784464	1.1128478257466508	-0.2351455857821605	-0.07879161650025135	-0.8103574748638226	2.133136320486961
AKT3	3.521839147137545	0.7929266917585585	0.7170744406696136	-0.257458237816486	1.2524485589968588	1.058574242226926
ALCAM	1.1360281703005481	-0.09172264591076548	1.946587929829539	-1.0140004795133586	0.05519717894950364	0.6301119833641589
AMBP	0.6531210003854511	0.9278232280960415	-0.10965962968822301	-1.6678343571312721	0.011460236337305418	3.508643012045835
AMICA1	3.1597866702104933	2.064692426105697	0.7506007669830048	1.1753026027585762	1.7740006307989167	-0.2125740908360092
ANP32B	-0.8111801022316354	-0.948498417502323	0.009197637082803523	-0.6495041563154278	-0.5633757051646324	-0.4842451438793962
ANXA1	1.674947413928964	1.2109291826645847	0.7566076630914429	0.33185199236442636	2.4361317717800017	0.8178919674650651
APOE	1.817154401532713	0.9446508355480525	0.7846175804810307	1.1824445873979748	2.362424693961705	-0.9897678531103793
APP	0.9558984792013042	0.23390915721949407	-1.5308312546165865	3.3794500123162776	1.4178866026933843	-2.0167212296201855
ARG1	1.5143418502907393	1.2791128473742999	0.6897050828072598	0.8654388947096145	0.04727797880259965	3.3982061652865236
ARG2	-2.239510849237075	-0.682346015276804	1.0830877829196743	0.10677026920420196	0.39776941376310426	3.255441769929711
ATF1	-1.1121172365409415	-0.7100408485280779	-0.276844583409277	0.779486617347692	0.16528924372784493	-2.2124500070712614
ATF2	0.8605088532339009	-0.710307381816068	-0.36644637869668983	0.09146966906948928	0.5971280204911988	-2.1499209623891145
ATG10	3.64938596894794	-1.3761199701610578	1.2210007459869026	-0.4532744529562772	-0.26276874682905527	0.27246247032799964
ATG12	1.0196105807897626	0.3542987736231975	0.24082342745819837	-0.31112324349625586	-0.6214303853660363	3.5051742097642427
ATG16L1	-0.2641978534167114	0.6492692131339728	0.03459818348426963	0.7655969559435104	0.1116422509259482	-0.7846714650499038
ATG5	-0.9304128067026779	-0.6466381681849023	-0.13371860959316595	1.2655490734202832	0.7258336666773585	-2.225888226499629
ATG7	4.015254427707155	1.0496538407196787	0.06334572172167334	0.22353457406428712	0.9020304016970735	0.6086758731479583
ATM	1.7394197371374474	-0.21055857401698852	-0.18906796250776722	1.234784905975028	-0.7429544116958717	3.602877366537161
AXL	3.574961878792405	0.7717486019282405	-0.06971730335675685	0.06129765962624884	1.356268861959561	0.19100815782843766
BAGE	0.6149398177736384	0.43616728839394997	1.0071034457893222	0.25432026517465156	-0.21426299391529724	3.6854353611346333
BATF	2.4746396484417956	2.509327690229038	0.047851697540827964	-0.33305950226047787	-0.7898664273733385	1.8898841857425506
BAX	0.16918925426968084	0.5183721987426878	0.6352089583672311	2.3731675979025537	0.3973361108216278	-0.5768896923918763
BCL10	-0.048717138412862196	0.19545661945898662	-0.5728604350223292	3.49491012130601	1.5051378431466675	-2.084905207107556
BCL2	2.4367174647234693	-0.5788974091767991	-0.8098488053848103	1.4358925732788124	-0.8197728638607034	-1.7912004206505443
BCL2L1	0.14145098706250936	1.3626230761223446	0.8165772201400239	-0.009798826779764645	0.5748068465052634	-0.7301041244995461
BCL6	2.0415115407579005	1.9781120680825033	0.8832753677505469	0.1903546416096975	-0.4582124886875082	3.2003146203275166
BID	-1.4779006359391982	0.665073188601824	-0.42767077438939316	-0.595666413313235	0.11396757369348309	3.8799093767754234
BIRC5	-1.7044859578145581	-0.62797755517572	-0.12547372971269644	-2.1650501970694336	-0.5077388710730998	0.3954251248532128
BLK	2.611692086153239	0.6912989120253452	-1.601966965731234	0.9917605934140669	-0.020115797049575113	1.3801489645511564
BLNK	1.2032672204904014	-0.7115361434505048	-0.14782478193903545	0.9622635194170988	0.29708599334223845	-2.994146209220503
BMI1	0.7545967371752862	0.06977685053153537	0.595793166702177	-0.153277049391781	-0.19503821880337147	-1.284392959576543
BST1	2.216669566191686	2.0160982869899873	1.0836746452772057	0.6612761439069834	0.031984462509963174	2.068805754291188
BST2	2.7664903932095064	1.8918345570178354	0.2408469741071826	-0.3275073730560485	1.2808494655691278	0.618219552443836
BTK	2.9152960260092318	1.3610961725650466	-0.2076765845091607	1.7492737051121163	1.8912107944310925	0.5807526212414262
BTLA	1.2510265328056016	-0.06760046610668446	0.5224600148360777	1.615887617309956	1.1396156630117034	2.3395273196944766
C1QA	2.3705321722743626	1.4317701420170306	0.006102468263282312	2.0492586360435614	1.4930373968146258	-1.5731218531401505
C1QB	1.3406034711131676	0.8011603517312058	0.3511696902542752	1.7890358250080958	2.5948915501375955	-2.036974457626646
C1QBP	-0.8522441594816647	-0.3834547864622838	-0.27493381328014477	-1.6849941444919327	-0.3761376938622156	-0.7921514126855138
C1R	2.6199569568344607	0.5211644805379784	0.7723127397061527	-1.04482924613115	1.6358306380411136	1.7460876278401676
C1S	2.4303269906801495	0.6893513663826303	0.6931544799461887	-0.5446397175689602	2.301981172193157	0.20816306243655414
C2	0.68321046972538	0.5872906063497596	-0.1644395074928109	-2.516733751089035	-1.1800255186791972	0.7995215491202246
C3	3.3102683819855123	-0.031485987011071345	0.8429298685105274	0.1291438090271791	-0.01902718515712465	0.864631637107558
C3AR1	2.8391753357969707	1.4930695171583965	0.6894174882519338	2.052339090223772	1.8924023756698136	0.594509974580899
C4B	2.8966648953068654	1.4976013052626669	0.03880600106992216	1.1896118643447895	1.865719004359409	0.15380909636415302
C4BPA	-0.8087009965369683	1.2562035517110108	0.1613548265198003	1.3263240186026541	0.6795036513267614	1.5249691746878562
C5	0.7203187365312007	-0.19107691537253685	0.32338936234998705	0.7856419031420849	0.05658619984162827	3.3543640921763864
C6	-0.7482189290177402	1.6193958511474045	0.43077538583438285	1.8226548415810266	0.4074467926604764	2.8257344103169357
C7	3.0092916809170225	-0.6277003621166544	0.08479707376647772	1.9673320709498585	0.11336098937236021	-0.9207135042469439
C8A	1.141815371867252	0.35400332555276315	-0.637704562871227	1.5186943520124196	1.47875340455951	3.4874776163866024
C8B	0.5095330034473955	1.2333767455519618	-0.2472739090100289	0.9531728833742701	-0.3689248410065096	4.3154140320789125
C8G	0.4521263187151261	1.7469525098522332	-0.3188304155399399	3.2709281328744892	0.9574004899747118	1.616647667899762
C9	0.8055349822154598	1.5182220774281738	0.6054052982158069	1.6392999959752848	0.25610488591805736	3.1098462734085808
CAMP	1.6442613820851881	1.6434616708672847	0.7851683814482943	1.2547312868985139	-0.7477608074375176	3.4014886470549657
CARD11	-0.18240483993074608	-0.014720400328666727	-1.5464349838072597	-1.9468032661655341	0.2832122671491979	1.0974984107596515
CARD9	2.1788039408134474	1.4293361897374306	0.44577459986852963	0.590546923669375	-0.393334361452528	3.0426699552978276
CASP1	0.9101822812764144	0.36861065800026016	-1.192069891807192	1.9748523943050973	1.3544792789188025	-1.3621163684839142
CASP10	2.1034922304899344	-0.1857849849219803	-0.32269412156615807	1.045780680505449	0.6786194833763671	2.4270133239731675
CASP3	-0.007145945206313065	-0.6031445422860638	-0.18321713257810096	1.7697385877783276	1.5898754969948867	-2.410712495629053
CASP8	1.8261010151966266	1.0495546828072873	0.6835330125986828	0.11167484141791084	0.42627282484545975	0.053956393949756265
CCL1	1.3434550612705636	2.1015986502643966	0.3988155535548673	1.1085828941124078	-0.3421421637244008	3.3846726350013983
CCL11	2.1599987456699994	-0.11677166612760864	0.05054387861159798	0.13518270400126353	2.9954770815108187	-0.38029380847410144
CCL13	0.2787101749021951	-0.009901947735330652	-0.6174445794132942	2.9325052359724264	3.2301275943264987	-0.5869289967360721
CCL14	1.9250846925476035	0.48188818233551123	-1.5420077635582512	1.609149929601746	2.9567011444716202	-1.0526381565437415
CCL15	0.004102630814362795	-0.10468355582590938	-1.8608710225090357	1.7126983377951839	2.6828889406444616	1.1635054992600955
CCL16	0.23359667646939253	-0.4331513567896997	-0.816920176819034	0.08250874038857015	-0.1224459321011932	3.127686840053223
CCL17	0.057799901835404566	2.3815711060548366	0.16018176906075077	1.0000821295560625	-0.9872642017639459	3.194590707823763
CCL18	2.209274345474407	0.7171481051968094	0.6726380862340798	0.21403238832690985	-0.9331476464367106	-1.2557603764586855
CCL19	0.8199920909566241	0.269630771558886	0.003792429177893464	3.4603729090201205	0.7648444100361378	-1.900698785827036
CCL2	2.0278634158795716	1.3039807049871845	0.4930430015871401	-0.8804565882883749	2.202906593194078	1.4618850755806962
CCL20	-1.5694965160198366	1.4431336076206756	0.21800337812911413	1.3634245493622636	-1.0806853774410823	3.129142227462182
CCL21	1.2661876635623603	-0.692988609790234	0.6373491083988101	1.7418385950722162	1.8359122462718342	-2.023184070088101
CCL22	1.272044758895489	2.1523852242244423	-0.5641805547266869	0.6957687485016143	-1.2897390416771246	1.8497502092586058
CCL23	1.6841869922050243	0.748488060599108	0.2648521473140896	1.6291456007867051	-0.04100782805657166	2.765167284555139
CCL24	1.4332851622732523	1.0511442551128332	-0.3831833335296453	-2.933152706913141	-0.17844350884453822	-1.130323152320292
CCL25	0.6169406439275917	-0.18555540668626624	0.8160452834263475	1.71978973438231	1.3582105706584053	2.9017001765105563
CCL26	0.956977321463882	0.9829669003761023	0.2041678967148205	0.7044843304462539	1.3056916361725939	3.2529107917950886
CCL27	0.960528401276663	0.0778356566418279	-0.7830980067732467	1.8352289567331377	-0.3479127094238393	3.9920300933866457
CCL28	-0.3078214532412755	0.00969544762453839	-1.1711643108668093	3.2782166004668696	1.2996504629509225	-2.457932503889385
CCL3	1.4145560724114137	2.3228049828627757	1.248894737684667	0.24607377266496144	-0.5681279565929438	2.708825637711459
CCL3L1	1.3047237140651349	2.339522745852156	1.296526304722783	0.4619905712551906	-0.30772190388626397	2.4804725859904
CCL4	1.7441082517422022	2.4316917906186952	1.2556959013490223	0.9986845159779082	0.06501603547320867	1.4669588448403985
CCL5	2.8212342958575993	-0.40879372987673035	-1.0266371364688145	1.5281596614254316	0.11304614458592697	0.6852819418138955
CCL7	0.8891923162153245	1.3367021344371322	0.5213551226183465	0.7809726563050265	-0.4568666344283369	3.6881025181500435
CCL8	2.490795792555972	1.9098678577367354	0.3371054432934486	-0.4473426153493761	1.2758363122402612	2.158786047193966
CCND3	0.7920234692082508	1.4942853816148436	-0.2473276581436088	1.5404880061791595	-0.39422499434728975	0.7660594729763563
CCR1	2.0667455333261406	2.61282383745294	0.3736169051005107	0.453543173096894	1.1641537644398556	1.8233435992628562
CCR2	2.4567450539037115	0.6399086998802913	-0.0691595202233869	1.4848984127856242	-0.32000912279621424	2.5865208608701256
CCR3	1.5307284627687103	2.1316638456152432	0.2815252844109028	0.9049380226912858	0.1217146622837263	3.421341616360052
CCR4	2.5784317861450416	0.5819590054605703	-0.3236787077332728	1.8482996439742783	-0.21345806982254578	2.81656104399802
CCR5	2.243877869015982	1.2412732425448123	0.9995706784513867	0.6972633346064997	0.5851025220503696	0.7118276611204908
CCR6	0.1349905773726773	0.266748524857834	-0.6587558778525772	1.9235542084119766	-0.6857499226505496	2.7842907294116626
CCR7	2.8826160194691663	1.1799093930368492	-0.13664219690161844	0.8157387272748464	-0.25046413024927916	1.064759464992839
CCR9	0.7766201789931813	1.0455764354777288	-0.21094733149351685	0.5474810003670703	0.008673406042028542	4.129814873954771
CCRL2	-0.046797882618380776	1.794571745920336	-0.6118252944446385	3.1327358850444478	1.3925146723468833	-0.12604589286623125
CD14	3.013759761819384	2.1570712358053727	0.4266580415987574	1.621912432501818	1.4316734164750753	-0.00045546727681811117
CD160	0.41851964980178064	-0.4229562578517111	0.5827457603164922	-0.9402411846524956	2.180433532149069	2.5126111894499346
CD163	2.693827214012193	1.4754099211495668	-0.044159354635300074	0.43613779167337197	2.013064152421422	0.6068960564044611
CD164	-1.0155669843378314	-0.2769648400713144	-0.4977030660575289	1.8036393259777785	1.0732333408884207	-3.4720494937465443
CD180	2.559513218696505	-0.007421883423363584	-0.6976250484816666	1.9755479933532578	1.5558956696370785	0.19415097467761946
CD19	1.6849291916862685	-0.6839312861523675	-0.18173238099009997	1.5398832664622164	-0.1922189392380388	1.710470689606531
CD1A	0.9709931314936409	0.03468631047152282	0.004766888596860586	1.3100835495993144	1.2849911757727324	2.855078479801522
CD1B	3.0436745573792594	0.2541340727905075	2.4104962654396793	-1.332206563964921	-0.1815172559541432	0.4954428146142009
CD1C	0.8568735928606632	-0.7647790462437708	0.9123491598568831	0.9368633363406451	2.048911026049571	2.2708989438842866
CD1D	2.038362683986838	0.6946355907557085	-1.4664503715782893	1.7254901596670187	2.420237838273275	-0.0729668648694961
CD1E	1.551505749097206	1.3087743872613729	0.3304820318191882	0.0	0.265063429023278	2.9885040382096597
CD2	2.9224875779779778	-0.2681209765950442	0.56091356215091	1.0878469258070114	1.0072702376330833	0.6985158707350773
CD200	2.70101286756415	0.31030004460097926	1.8315709917767204	-0.8491368757560709	-0.18827228227142734	1.8168382507123064
CD207	-0.2811991462633876	0.9966857639159237	1.5149837786065692	1.5737280550551809	1.0373025892686039	3.4665597549708034
CD209	2.3863367062250287	1.6304618795992463	-0.2520100720528311	3.0009423170326617	1.808008943067552	0.3293306801553592
CD22	2.147892458269405	-1.2565451058219814	-0.5145988558890366	1.5684481075696164	1.2744187036399577	1.4883313379194778
CD24	-0.9325924700349205	0.30856916352598546	-0.5615202894754399	1.142577448106244	-1.4885871537336652	-2.3481904750873768
CD244	2.499237728602676	0.09177164908827318	0.13794963637962818	2.2740299469647125	0.9913735795713311	-1.7127382202828576
CD247	2.411422236055669	-1.0797725620498855	-0.9625354660024692	2.5929314601543365	1.1295321845926685	0.5327618954713227
CD27	1.7875419019967638	-0.41521591413496367	-0.4317256715160063	1.7611188119170327	-0.21157508215059198	0.6416933293407724
CD274	1.4598471666244317	2.253143976023803	-0.46868365329752293	1.4503297408390168	-0.13863448513097076	2.377017561115597
CD276	1.8074120586267615	0.79107638188053	0.4183055647848653	-0.45718786939840805	-0.0906412058110932	2.642335689263987
CD28	2.3408140016198926	-1.7431294791293188	0.34188738573104793	-0.30105187132645395	-1.7269372762612056	2.4904272120892816
CD33	3.401977401306489	0.3479097354304013	0.6447254909896303	1.2033068231938655	1.6494026174608032	0.687912411932225
CD34	2.314218254664847	1.3817874891894055	-1.7954300926290947	-0.6125334148881769	-0.5421122978298525	2.3181918702838855
CD36	2.196994534394209	1.1462548982613896	0.7033032907324644	1.5701901215342755	3.251440290245159	-1.1342279161560265
CD37	3.0968234592185975	0.4492677387159375	0.5126364342049965	1.5175460736552813	1.4350857295780646	0.8468993856209981
CD38	1.949176288783014	0.3237621627966685	-1.0460555701651768	1.22627342473556	0.8537212377050378	-0.7634390036067776
CD3D	1.7825820960052108	-0.8882387113007049	-1.1569377527333335	0.9765426372735808	0.8251468973273074	-1.0975901057974877
CD3E	2.9717196100324994	-0.9844360173460089	-1.2699305424078138	1.6385407186673207	0.0	-0.7819248127904121
CD3EAP	-0.9189805220401851	-0.1601558054522106	-0.10833653969269978	-1.5862536749816467	-1.4311027684174262	2.937535589651798
CD3G	2.798827825356024	-1.010795425791567	-0.47051661659370325	2.2984125467321888	1.1910580085519766	2.19817012824684
CD4	2.058876195754256	1.1054986025219933	-0.18084852014059005	0.14857994876050146	1.7239053528622337	-0.2688878008484086
CD40	1.8181572283484468	1.6876189811582374	0.29023830706686854	-0.2264458877269192	0.7514676792224566	3.0402600779338873
CD40LG	1.6942939166136881	0.831978469621321	0.7831317022827613	1.5549592277559072	-1.0630871010084777	3.497867062047831
CD44	2.0255956228592793	1.3918532939167565	0.8925078312727618	-0.19942075205395748	-1.107760557796017	2.698197960082371
CD46	-0.7295663206612225	-0.5658635091249575	0.22870967228788897	-1.650811700277056	-0.8726390131944314	-1.3837433191087491
CD47	-0.8299908476776325	0.45008122687526997	0.5667900668818872	-1.3829744085627005	-0.09156739903105937	-0.8752501749169737
CD48	1.8339164703977087	0.5423692658774611	0.18343624028903355	1.9717158539793354	2.072267909682239	-0.9041809305236558
CD5	2.6605205205438383	0.4076118122668027	0.7487700745297456	-3.1285523996592612	0.2586651536622056	1.3175875242804334
CD53	2.5359004862277934	1.7016957610682326	0.5989971400065248	0.6097364598767797	1.7301085024403655	1.0536794709638322
CD55	1.7706909682949914	-0.01890578416269495	0.7597208303862087	-0.1519504036702617	-1.369072482560393	3.5398702571802088
CD58	0.16300510556464137	0.6280832117062007	0.1371342845431913	2.0075941656255214	1.7866798495630405	-2.13949438017531
CD59	1.9822608522561622	1.0435738224008295	0.12992443627491207	2.5649034880631696	2.4351760926423918	1.1519291648380994
CD6	0.31410277163799094	1.5341168253445208	0.008497354348099728	0.12322182978509932	-1.8232295336890365	2.0042444700029804
CD63	1.5765793258455811	1.148668796962834	0.436262192078734	2.9068369136937546	2.5691385393556634	-0.6504021443538026
CD68	1.077390222257881	2.273286014994558	-0.22888843016449667	2.032300085799828	1.5180089900148364	0.886950914072245
CD7	1.7399772347117342	1.1704591216191211	-1.0020751591742112	1.7923759314130183	-0.4147252811461941	0.6816292427260806
CD70	2.4624819855311366	2.039380466758043	0.8335946375429847	1.7367458565759186	0.2976705224230585	2.959705465617051
CD74	2.1336361904030032	0.7184114583159402	0.4791930865898296	1.2900902582315132	0.3296044068434977	-2.148951665201169
CD79A	1.7691974770883565	-0.10194919331513563	-0.7030768092160321	2.062793859206791	0.5952641857675902	-1.7700901077568205
CD79B	1.76024500643157	-0.6735287935588132	-0.5902599718476069	1.7334220530250843	0.7591631702402423	-0.11336129116726634
CD80	1.4380159594361186	1.9304639015165512	0.07710356038638988	0.9608588889568217	0.7781652347396457	2.656673230663337
CD81	0.0026968620573621926	0.09207313452197086	0.8652232698426873	-2.2815656459002014	0.29033790675039783	0.6222842338142672
CD83	0.9083568009462848	2.2473369951712168	0.6011299966695595	0.23115044961377604	-0.06557724166482798	1.955935664984025
CD84	2.275366758376444	0.8256893319831224	0.07105066798256898	1.9372042619696508	2.337775644609383	0.011159073205816106
CD86	1.8751472032283254	1.9550296291955096	0.07805831672385266	1.4509978982452907	2.12008712280062	1.697454158117533
CD8A	2.7418224232076107	-0.765410401463617	-1.2331149041077611	1.5550695811329918	0.8624618896348434	0.33539889868782297
CD8B	0.457086664668122	-0.22708702883143084	-0.7077746478426826	-1.4202496831179836	-0.5648589413039472	2.7073672997275375
CD9	-1.329557472385896	0.1275137509708324	0.09166092405228288	0.5297164856396227	0.05644814030034456	-2.087095651417391
CD96	1.8157199927940608	-1.6905004170478588	-0.5844508305244704	1.8926700608808744	1.8004220440073126	-1.122940280854877
CD97	1.6500361647328463	1.4630191955477168	0.2911096633372109	-0.6606930770108804	-0.4765750898096525	0.068843393941586
CD99	2.6342068513732357	0.21851778923518883	-0.7762698294771277	-1.0436628839873412	0.2232991640415174	0.9453094074466407
CDH1	-1.6353751852634864	0.05113922981797647	-0.7047191997072929	0.9492325380640089	0.854462785785105	-2.6370176263103366
CDH5	3.6168851075869055	-0.33903778301201004	-0.8086328631830009	-0.18261174927290139	1.9026102834153666	1.6078558136194856
CDK1	-1.5987205658851638	-0.7185696844154614	0.26689796070331506	-2.0794013847298096	-0.15088295959623566	-0.1043935086633434
CDKN1A	1.6484059140281304	1.631509949553514	0.16481825178391296	3.0932009440331134	2.5041118843433887	0.42025556129748587
CEACAM1	-2.1068585633564703	0.6636620226588634	-0.044882201814658296	2.705477704747705	1.5678764694948795	-0.38610340470393
CEACAM6	-1.29267554163029	0.4788221516758658	0.20406828341648198	2.669281421724479	1.1133854491426438	-0.3314005617935305
CEACAM8	-0.27405359378799155	1.525489511241745	1.9484608438216395	2.2220012072929287	-0.7242088573857836	2.9887701240110234
CEBPB	0.710116871282369	1.6584977714853593	0.9775872782879175	-1.6528673759746144	-1.0548560758784815	2.1036545540383957
CFB	0.903643689055079	1.47050461900505	-0.9709621438202906	-0.6062034740642191	-0.20977183682105066	2.74267227414552
CFD	3.5675446424614137	0.9918018611525636	0.07645976019241643	1.8323932349773635	1.2024791493076712	-2.055884491269036
CFI	1.66908456589686	0.9325431761482192	-0.37132739334496734	-1.7816547112579122	0.4338256602125984	1.724985171286543
CFP	2.2620271101518448	2.0167518386558676	-0.10521579349845156	0.7724530980692935	0.8423545623477813	2.4475366708524318
CHIT1	2.725410837221669	0.9244810455613045	-0.6364280815565331	1.155720286489117	-0.17103754560445825	1.595597404143701
CHUK	-0.4837077281559565	-0.09334094158596251	0.43250969226550007	2.1733096307335016	0.6375430868888585	-1.455908543201505
CKLF	0.8815338148252143	0.5427655608344686	0.2725237704720356	0.04382943816207684	1.6520384925956417	-0.8623348654440108
CLEC4A	2.5433775822911895	1.8603446152119751	0.4796337205304027	1.06466040883274	1.2390120668101314	1.4910867055997752
CLEC4C	3.1709871950979194	0.9687666142750758	-1.4877187333576154	1.7702362136860783	0.6035864148548183	0.6468211006373433
CLEC5A	0.8773649319659472	2.570224081407968	1.2270285517024204	-1.5740237873734875	-0.7698976918162189	1.7449741573285629
CLEC6A	1.4908706085404209	1.4974328884520764	-0.5519211282327686	0.9878736789240646	-0.31234502490348115	3.6679131163073473
CLEC7A	2.7662566377712734	2.656939076908674	0.47379393991011226	0.18953980226992323	1.6029308316401403	2.19766991485276
CLU	1.4274481090970386	1.524176227157713	0.45672866467292683	0.7029566192205472	1.1370023312413455	3.009355126454268
CMA1	1.8801587152385675	-0.499217112736733	-0.37208629840967933	2.205992299415911	1.4485965144178987	-0.1847966461672927
CMKLR1	2.7441182012061525	0.7094306270499591	0.5619184031486963	1.3397888608904316	2.6248284249405307	-0.38298194470893365
COL3A1	2.957710530311216	0.7174061490033284	0.45167328904998194	-1.423207992490659	1.0535575091215452	1.978717848956844
COLEC12	2.7146485247384105	0.8022860224570969	0.34630637545741594	0.9261272786509007	1.401418227469185	1.4512841497102573
CR1	2.381616982540154	1.922591538140245	0.6884276515771859	1.5203959451058016	1.4246358043238025	0.7943992781618057
CR2	0.646492816276645	-1.177010486217487	1.633465770427611	1.4867024710866414	0.5330519180918545	2.8272290382758936
CREB1	0.2468527201618167	-0.8079931771271573	-0.3751241282663952	-0.2114930702969693	-0.6312394493750286	-1.1411522409461656
CREB5	2.3774525271085167	0.6969109112086282	0.3732542249033491	-0.5473014776906684	0.3803893835081935	2.4589271664035337
CREBBP	0.39648428906721866	0.71014556302348	0.4296556362215819	-0.2516963138272714	-1.0625068812375849	2.281094686635494
CRP	0.9804713082414482	0.7246405750094309	0.3506437634944294	1.8436531983033608	0.08687946368358726	3.153728500916386
CSF1	2.411902961289024	1.7996952938758568	0.5796881944847929	-0.9325852127539853	1.0943642378023077	1.033534792297572
CSF1R	2.080823377830057	1.5480412258732055	0.24656083463739453	0.5496344282839919	0.16103549181717441	2.729522056625118
CSF2	0.3717009497830983	1.390768790767265	1.311161291082501	-1.3260427050338057	-1.8392421721794772	3.7933318331316155
CSF2RB	2.9471065224907145	2.335131226701333	0.0915421062056419	0.44257943957317325	0.3899278679055366	1.6156722416451696
CSF3	0.7629391153916125	1.3517139952308188	0.940471737826116	0.9037991878605621	-0.27468668721763334	3.8643885418562407
CSF3R	2.7563339053817164	2.540505593184363	0.5856859253124758	-0.79687906979444	0.5268600901292888	1.8813483326224603
CT45A1	0.7545127929268205	0.7650847686267764	0.8766589835856242	0.7312515016447121	0.6338145085049125	3.3181476167547928
CTAG1B	-1.0884071825728225	0.48035795369788936	-0.5114223446314703	0.9957017590989037	0.691035344432747	0.9593288309612986
CTAGE1	1.2690552594406814	0.7722387700327262	0.005079897680701717	-0.4231992405713588	-0.3934846607030103	3.3454026259738687
CTCFL	0.24854421411281702	1.0802380538921246	0.8224905188470704	1.1490431810630282	-1.2789447060170405	3.6218901460593553
CTLA4	2.2128740136172618	0.6967374039839818	-0.15026781458583816	-1.01045923102347	-1.322343720114949	1.1069160307276698
CTSG	2.677951819631338	1.5878701707701932	0.005513888607331485	1.16989984614713	2.2158692169866434	1.401556166537154
CTSH	-1.0919533881903873	0.5338490004172687	0.01971323009985433	-1.5006448980081064	0.8844618482575434	-0.13534450676367826
CTSL	1.5116754179288245	2.232131693026018	1.0900077267160464	0.024131935481443184	1.5004663278728505	1.8291436570530668
CTSS	0.5038930855389189	0.8287972726992993	-0.5955469230639994	2.772921249440314	1.7576932717974565	-2.6382249488281797
CTSW	2.5874252503547948	-0.6375194309215634	-0.9671733080673713	1.5880365737427011	0.19568835810265342	1.9810837584027738
CX3CL1	0.18942195663894634	1.4961981534287017	0.6689910576001138	-1.8431589325928106	0.7995816794694162	1.683739785778048
CX3CR1	3.0073925334804024	0.9797090175832407	-0.2876508079989648	-0.3854763295984461	0.14150032674427254	2.6506968266920836
CXCL1	0.8496221511417822	1.5762324958168312	1.2886693293033091	-1.4400642234210783	-0.4319211950104247	2.761497933285607
CXCL10	1.0570376186151995	1.0151119684754888	-0.07564742432314508	-0.1687582909279539	0.04982903144522588	-0.23752034494164564
CXCL11	1.5881129251020139	0.9594186267155448	0.17060609138097216	0.7542586097890641	-0.16184985995902912	1.06271727867051
CXCL12	2.4658220704530116	0.07684493476790172	0.09432794306442738	0.988411720725239	2.2062538335605915	0.6631049577456414
CXCL13	1.4531414686366153	-1.147128289945785	1.241688607082647	2.0775951279968616	2.7040011870743914	-1.4490836324384495
CXCL14	-1.8190757983055421	-0.8436521952492316	2.1252659115045067	-2.2376242145960106	0.15478628565936453	-1.9057294496298274
CXCL16	0.6134606496376106	1.4101630598505022	0.6489631118549527	1.82355428842519	0.25923439290357164	-0.9229041762035871
CXCL2	-0.6696109947874087	1.2603862543219182	0.632960729800446	0.21782353005432453	-1.0826382123518423	2.7183073451311563
CXCL3	-0.41706455935764886	1.0276079498333497	0.5543340499286181	-0.576780276562457	-0.7847225607549994	2.645770593153131
CXCL5	1.2984399709377499	1.2179749263354498	0.09235472230115627	-1.2568213877469894	-0.5873586858562849	2.7380613288344335
CXCL6	1.6939520445917018	1.4481539405435355	0.24622820524071065	-1.5921314845329209	0.18706831389017753	3.163642400908322
CXCL9	1.8156503457383746	0.05357291647762241	-0.03352245669034955	-0.018456064283063678	-0.8986678883767215	0.8222793926711371
CXCR1	2.185287027245228	2.6249718444553953	0.49114091386753744	-0.006396012080958691	0.08040334411940264	2.630027140152141
CXCR2	2.3520727984371734	2.5736619453864273	0.5004306668351689	-0.665139389924239	0.09589874770185502	2.3304975267954093
CXCR3	1.7235757286855011	0.366931203850819	-1.2496046928269045	-0.2921931883600041	-0.9670520109586311	2.274394488605217
CXCR4	2.4565163760116344	1.9700896764930393	1.2065907504224072	-0.07498195609749758	0.5248945253402179	-0.3954822251647431
CXCR5	1.7960301388553925	-1.0653985820102787	0.9713350995936616	2.0470581312748544	0.2825772776880809	2.1700735618864937
CXCR6	1.675350434836539	0.16366453759694	-1.0899534867416127	0.7289119052799731	0.6417906982044603	2.4768164626762905
CYBB	2.7160723569901495	1.5175050298322477	1.0449700386779333	2.5611697609504294	1.1281127765025611	-0.5287847745656377
CYFIP2	0.8508095744399653	-0.6032875051523797	1.131271170016848	0.48822431409013933	0.6445588602470451	2.5925075196005345
CYLD	2.850315445427753	1.852576105391698	0.0259024732061211	1.4789089790106178	1.4571899158701835	0.30025191173464194
DDX43	0.9483086039575606	0.4569722914462791	0.3156310571665244	0.952086787379611	0.809890828821637	3.7006805860165266
DDX58	2.3367332078214917	1.9129915777972748	-0.36484380062209876	1.3771115203231525	1.5013913483392525	-1.0873930067243343
DEFB1	-0.4247639429876937	1.9317328342425586	-0.499439891762624	1.6310170472117629	0.011660924690574087	3.410115470600523
DMBT1	-0.7275018714271372	-1.1130796190244439	-1.3264694386466482	0.6364742211327056	-0.7312134762382643	-0.38559321851159156
DOCK9	-0.5683897602673736	-0.5667701561682469	0.5433456035576991	-2.067886961538851	-0.4971776840406347	-1.7683966181251223
DPP4	1.1834001047627374	0.8450611907797072	-0.40677259558892687	0.43559963240008015	1.9621021695372711	0.6769139661287855
DUSP4	2.243866965532697	1.2998101905448718	1.6234983631882707	1.1617184452802227	0.14501249838638197	2.06197633279704
DUSP6	-0.37952947163277506	0.8532263039936157	0.4079003409128453	2.587366356812317	1.4766138321846216	-1.1587310643283275
EBI3	2.268335618769342	0.8620543652873727	-2.0258559553423243	0.30238355481888896	0.7503076975960892	-1.3614691714493248
ECSIT	-1.4575118110523704	-0.3820382499288446	-0.32519653127209713	-0.8307056171170548	-1.2393771403100282	1.7824258804250523
EGR1	2.823149569466744	1.5463640177389786	1.5147902990456712	0.9365093670725471	-0.709293426967247	2.306632841671655
EGR2	2.659362599375884	2.0844429180736497	0.960755339763843	1.2751374723570432	-0.5310412473377342	2.418317028749503
ELANE	1.958643834591362	1.0615818176137097	-0.21100439116102182	1.6147827683724123	-0.23112989700321782	3.0403328074525016
ELK1	-0.8053545033919838	0.10291919014125574	2.082336892755608	-0.5189705032252585	-0.9747592998497073	2.5429684327803033
ENG	3.0763434455241456	1.148228991772073	-0.5359807147649132	-2.0634400691201433	1.60232509683456	0.5624889893340211
ENTPD1	3.100727249335878	1.0532252778719058	-0.06352531028510805	0.711824514581257	1.2458959868732808	0.1571684235180637
EOMES	2.6940452411737628	-0.5274452248319558	1.3112850212009637	0.2130148342605854	2.4605819595665444	0.0982237506785539
EP300	0.8930802604192741	0.40488194513534514	-0.8113110551544538	0.8511428624302377	-0.49744973807927323	-1.717140582682861
EPCAM	-1.2781929051073169	0.0849699382728536	-0.2840018993416062	0.9897730811695175	0.6194620214715201	-2.5736859551773996
ETS1	2.767097375877545	0.1172985021901993	1.0446756763173608	-0.3520238146545808	1.1680495263714599	1.0897646646059338
EWSR1	0.17854545613741046	-0.690600485134807	-0.8017182285069037	-0.5497856082476389	-0.32755456910883946	-1.1576974498547927
F12	-1.9258239543094071	0.46712435184972595	0.03574179091043572	-1.985650067980569	-0.8386209989643368	1.0110565330384733
F13A1	2.022042425579267	0.08230839152742209	1.5296313131731316	0.25320990092537876	0.5851393074767042	-1.684721774205876
F2RL1	-0.5350381083839172	0.13540330645366044	-0.159912621810201	3.1309395949816983	1.2095994925780669	-2.810854566780281
FADD	0.7398421648463261	0.45752970405867843	0.8076142561319208	0.7800705398221341	-0.24086389202852107	3.8440407436734323
FAS	2.9691704727843518	-0.08067563327166583	-0.6947484793794252	0.743948853147695	1.1616498286390926	2.576205745677799
FCER1A	1.889239689140973	1.0512118060842734	0.2567750127080872	1.4451779372206013	2.2036447324675823	-2.438929140598689
FCER1G	2.965745680310548	2.006483262638779	-0.11847048761489964	0.9383266922058666	1.6516554015926492	-0.6893326746314011
FCER2	0.7830462910355457	0.19965652794378552	1.0279984899518009	1.44075690217012	1.9396188869640343	-0.6609706808524596
FCGR1A	1.9600964919803223	1.5689489679526591	-0.2518406279611815	0.29351162270330333	-0.5058066774492579	3.7395903341468153
FCGR2A	2.492447019925416	2.5425187304740877	0.9162279815665273	0.13399992005866462	1.1178909206149543	1.9372530461942055
FCGR2B	3.248395361005933	1.1019330835033692	0.38296448449637455	1.5352882386421234	0.3481809292488446	-0.22393976900246215
FCGR3A	2.309724172299415	2.180672830094889	0.7209795789737137	-0.21488063481777073	0.5578032133440509	2.0246828377188812
FEZ1	2.209571039630487	1.1749084549013067	0.07830567072753164	0.059274724206656804	2.580725352265961	2.1143134961204733
FLT3	2.9262055010873396	1.7949714838571205	-1.1109689312318738	1.3662076107624022	-0.4726358582681516	1.5405010150908272
FLT3LG	3.813927141963626	0.7300352671902637	0.5431200951339282	-0.3103313725384116	0.45830927714430236	0.7254678687302148
FN1	-0.052168373028611326	-0.24188992784006086	0.11606465511909246	-0.49007816441660756	2.3779277036494273	1.6592776232119153
FOS	2.2388078546115775	2.1893675732978584	1.0471228732953042	2.3208258948912257	0.8393656740074631	1.8483156101130804
FOXJ1	1.9828044336978043	-0.00023555937583097375	0.40823907622003086	-0.9999410424094758	0.3024164457114298	1.726317557362812
FOXP3	2.3951625925717295	0.8654026873544773	-2.019446065965658	-0.43937351051221074	-0.5620751065374477	2.5510652846832245
FPR2	1.941019973236491	2.793314498754178	0.5652435052309759	0.07227472093325105	-0.06456635337366545	2.4376303925459872
FUT5	0.1200490633469779	1.6154368174068203	0.8063635329868875	0.9115162676045206	0.010990260017299192	3.653573043943873
FUT7	1.6363976450218305	0.8959210840430984	0.7318949173386182	0.6000224813244707	-0.22687191625099723	3.6933917934014646
FYN	3.481611856722851	0.2353214966522449	0.2602031130379527	-1.219554489693973	0.7631194182629827	1.5689605558491613
GAGE1	0.8046044840292883	0.043409641615136774	1.1808527458672513	0.12171043388334357	0.2867734967857888	3.594878116285404
GATA3	2.1757729778355555	0.5628350072119014	1.2921269154850377	2.9141709643332634	-1.307395909683525	2.09250505628859
GNLY	3.2133704191238426	0.6960543683147963	0.21484428550338494	-0.4177656703702984	-0.9590665769457668	2.0946613923134585
GPI	-1.31000821768655	-0.2436570972158112	0.1334009698304769	-0.9435638178706832	-0.515091144192532	-0.23655683942600958
GTF3C1	0.24503881259498916	0.6631583756603978	0.7987879124100243	-0.9824362599352385	1.269412627745928	1.252064951400384
GZMA	2.5663469990531818	-0.8668276014584165	-1.0555830610707284	2.5443732420573317	1.6643920969541433	-0.11610074270014542
GZMB	0.022563974591330638	0.7335908203188166	1.4590701937452364	-1.4569756461026941	-1.0063246922116842	1.7279425748040538
GZMH	2.8789296854400512	-0.6695177957379592	-0.26577972994856747	0.24673221769103731	-0.5864630979877109	2.376391939260765
GZMK	2.2633273346497167	-1.769680648615734	-0.33618723370723275	0.6408316390899061	0.48616835693824945	1.1098954489248958
GZMM	1.181371208990817	-0.07504316613959844	-0.5289628596102443	1.191435707758314	0.5287682697154206	3.1944889849770175
HAMP	0.4934424173104738	2.009236277845729	-0.4651259910874416	-0.19540827070503278	0.08040174887512772	3.426004506327928
HAVCR2	1.2119403577584325	2.088187657236837	0.7439329829353756	2.286540716134697	0.9207779485772507	0.6467026335225607
HCK	2.605662808273104	2.6433377436564065	1.0885003525956292	0.10101415246135026	0.7368399733402743	1.679407599723892
HLA-A	1.613722121742939	0.996599627477198	0.06123397228432137	2.68672133254001	1.1415235956471705	-0.7499722967048945
HLA-B	1.3101316637712574	0.9363422929958106	-0.05863265760726477	2.5207944251563856	1.4124945261924275	-0.5916904917587897
HLA-C	2.1223216704389527	1.1837806955568475	-0.32363214786344763	2.6237783472593694	1.1888820750982712	-0.3798694848966828
HLA-DMA	2.051381624262417	0.6017805681843676	1.025451522190285	2.1961493736973594	1.932036342582105	-1.8493958531674983
HLA-DMB	0.916177884612364	0.1054537969799153	1.200202918642373	2.0657697357222293	2.118856946713134	-1.178878582962201
HLA-DOB	2.8999893477967316	0.6794763207955884	0.9309492935198654	-1.0024740181956777	0.6513112189083228	2.053161722249808
HLA-DPA1	1.6812233611795362	0.484912072713932	0.9402120737862415	1.3509136193130775	1.8181218328243225	-2.5535306861794487
HLA-DPB1	1.798378461201313	0.5387623395766293	0.8071983697487861	1.4233055683573403	1.837316975062636	-2.453185096288596
HLA-DQA1	0.5862543123208213	0.295231050223576	0.15535941084167681	0.4299295213802269	-0.16255458824253544	-0.7195887676701108
HLA-DQB1	0.6801766134001651	0.9952127111683545	0.32193677674889865	0.38117509728193905	-0.15670164627823713	-0.7267828602064821
HLA-DRA	1.0033825631880882	0.3626433372167216	0.5761616343016387	1.082360683906866	1.9697519721077248	-2.3839176740131025
HLA-DRB3	2.6882239517826125	1.06716919349089	0.6962341062086207	1.5008255764363132	1.806143059113976	-1.785045980818572
HLA-DRB4	0.5690281545950686	0.31579349377565435	-0.19588891523917107	0.3603695380284866	0.6345955161750133	0.4557848984692443
HLA-E	1.808301242403288	1.3528270835127727	-0.18358009236628545	2.4234976235064343	1.1967284392116098	-1.05661110646284
HLA-G	0.4183225541468215	0.65025407146502	0.060258917830435244	2.3301807820793417	2.1014667099238946	-1.7064077551557544
HMGB1	-2.5445773925844217	-1.1693221005851995	-0.13137130785224072	-1.8876507480736664	-0.09759269567585252	1.3370773359063781
HRAS	-0.8647510922552915	1.0858881802873386	0.7290132609520841	0.24164782265953916	-0.6742661178214675	-0.5232863737216276
HSD11B1	1.9595443709059075	0.690607512608191	0.6629951618694454	-0.18894894192110429	0.7453380212324072	2.8565215838348785
ICAM1	1.690640772025208	2.401981996664567	1.1219330414713804	0.0739312357626567	-0.839517561972575	2.5117358081926513
ICAM2	2.9560039219146046	0.7206895580715028	0.007438801747808754	-0.6595522728067824	0.5774298625153669	1.4872478783584198
ICAM3	3.02443160279765	1.799641996819596	0.36286542573668085	1.1705507868943013	0.25562144007106935	-0.05365048043590376
ICAM4	2.0116112470332883	1.3675010168678527	0.006277475082138606	0.30773270076304504	-0.4548669444005536	3.1671074584830783
ICOS	2.118446617834012	1.3321797195156297	-0.3881960291863651	-0.463979890740961	-1.4851840564231038	2.8580117104985945
ICOSLG	1.992416029041516	1.4475515727857915	-0.1538206648752405	0.6869512478253379	-0.725684711053129	1.9828874858694188
IDO1	1.9658377239173637	1.2705871462323697	0.6456193503388453	-0.38765359009726097	-0.003347604548246119	0.9097357958268317
IFI16	3.155010778579199	1.2868881281751003	-0.12273440465805907	0.647943076273467	1.4642649102406102	-0.20727900816005737
IFI27	0.7493093753532709	0.5092708543116642	-0.33400324373401324	1.7648530377934577	1.704352343156086	-1.8140863680196206
IFI35	2.364151248678014	1.9169410248244767	-0.7655829619553293	1.641447327959662	1.6434040175625317	-1.698001219532953
IFIH1	3.1186258565176064	2.165351569308565	0.14290237784241866	0.653622796748386	0.1938468652125951	-0.5161881619082027
IFIT1	2.0999667426206354	2.650915788887045	-1.3939258091412192	1.015812621392631	2.102481642042071	0.7262129217814253
IFIT2	1.7617333008120284	2.5702225346795133	-0.04291890823979423	1.1059077543825588	0.9547149490599873	2.813782104033921
IFITM1	0.303924107845645	0.05184105975860431	-0.2955307009555919	-2.245582139842389	-0.23128410836195318	-0.015277475767678128
IFITM2	3.0635661996722767	1.6286118959599107	0.30276425354646486	-1.4906827200207649	0.6720612797142114	1.846186292065455
IFNA1	0.8523632506587224	0.8001110729290005	-0.49662960924178945	0.40710836411077295	-0.5447417588087713	3.644091277959446
IFNA17	1.0541229821479323	0.909429765623309	0.1775776494993711	1.5252896149976618	-0.3313424777464621	3.30987633615569
IFNA2	-0.35939947101931524	0.38342234940111497	-1.0450966527403622	0.29273984875439557	-0.3770489502136843	3.6645709359235803
IFNA7	0.4854227408754184	0.9269443278791146	-0.5047803824627034	0.9697148477414137	-0.2807043673189238	3.7600391946677614
IFNA8	0.9062441966523609	1.7382963336692936	0.0038922045637042046	0.7211819808403175	-0.12581322738775663	3.5208001015137715
IFNAR1	2.9587722102133327	1.1984647165707778	-0.05156321556638699	1.680398445031757	-0.4694514404000426	1.9976789805627462
IFNAR2	1.943511234973558	1.212269153200603	-0.2892830398658808	1.644047335611088	1.0794766513983147	-0.20995881620454226
IFNB1	2.7615209454911014	0.5635493986312118	1.745127292295816	0.8713512035051814	-0.4642637310839456	2.8954772943379803
IFNG	0.5382989344239779	2.179387573441944	-0.5432476744849924	0.4594479979604801	-1.8246325758074589	3.154238093478787
IFNGR1	0.5403255205259466	1.4188745767752318	-0.4577213006843975	2.195086368200557	1.959001261312462	-1.6746806162494106
IFNL1	-0.3718498662855147	0.4387656373861867	-0.28413420559777786	2.1355832699005064	-0.6713351059689436	3.8391023270738227
IFNL2	-0.15568705577936875	0.7373032969294497	0.768512414327688	1.71214518492531	-0.3406767615075394	3.627125215107497
IGF1R	1.375181514825409	0.3037067851456666	0.7572783539725996	0.9758440432389606	-1.608704860923528	1.5624231717315669
IGF2R	2.249708662463469	2.438512136864548	0.4636923189547435	-0.11560889227087456	0.1768639370963913	2.6401751995288603
IGLL1	1.0055831911069377	1.0312421940296486	-0.4873431102695076	0.6147460014966488	-0.387540956602574	3.6002778407188685
IKBKB	2.5938524350901115	1.6621651263411947	0.7041590719028163	-2.2489897577637645	0.14394271875086426	-0.14315538293979102
IKBKE	1.3163970254995199	0.8656004044645746	-0.40745350055202406	-0.37061735311161503	-1.4197418833336215	0.7848537232660002
IKBKG	1.2239960351886192	1.7105568573108711	0.06281412610102494	-1.1819953507443184	-1.4629097870868593	2.7272528872829294
IL10	2.5389756650157516	1.335546096496746	0.6293343028087051	1.2990552847164796	-0.8864846017294855	2.8449292605373024
IL10RA	3.0753428243619676	1.7255623656504424	0.33988631963047733	0.7055642845126845	1.3460348300420133	-0.6320736643429138
IL11	1.341360373543366	1.5590528319473516	1.5925501848318313	-1.391679735614268	-0.7426671520759891	2.74792031739416
IL11RA	0.8680339310553049	0.8484980368840158	-0.9399018145588023	1.7077814586383457	-1.551892511014966	3.132985671315202
IL12A	-1.4711850423611228	-1.4477556891921213	0.012433266102927276	0.8331901697142906	-2.356332210512969	2.366221681260779
IL12B	0.5399234676025455	-0.5110706032359176	1.5297174493961916	0.1788024470916136	0.5283479895764113	4.387551688314269
IL12RB1	2.6287522669070498	0.9317898450088435	0.006823706984739442	1.1542692418921952	-0.8724514053732011	2.65910170240945
IL12RB2	1.6145489916360871	1.2844984502033485	-0.7131364265011453	0.9335764244760139	0.5124183856234732	3.8011812280169512
IL13	2.265377060373422	-0.8292909139303093	0.7058097045998714	1.7928399044684384	0.056310892511541144	3.1824856504607917
IL13RA1	-0.2521786589601984	0.9070388459108938	-0.8504025551118592	0.9935413547915498	0.780681824045049	-2.6436602500251776
IL13RA2	1.828591979886601	1.5996857869833492	0.6810196093406857	-1.368238195153876	0.5696291111254763	0.4686627133243991
IL15	3.1360580073873825	0.34967005487672015	-0.3806007203805301	0.21631943420001132	1.782032674249099	2.4870218275870464
IL15RA	1.4556482207714354	1.1599706671021974	0.13028110754020955	-0.48888024826517706	-0.23833596195166729	2.5332031709565115
IL16	3.2314764513455434	0.7994074341131465	-0.2496775225654813	1.6584855002053178	1.0635639975210995	-0.8594048546179389
IL17A	-0.8901245634570882	1.3088897875775323	0.22464026941806717	-0.30984684591221845	-2.117293438218979	1.9102090998392782
IL17B	1.2118722743667467	0.2720088290820911	-1.8120007557277116	1.3936742678114422	-0.1305057170102789	2.2535982629775
IL17F	0.6360183550105065	2.0594635437675635	0.8414211136130705	1.419559306501223	-1.3427530461708255	2.7103829902248515
IL17RA	2.6890336754084054	1.9225434502660363	-0.5427553625719678	1.1925157758486626	0.9287233541263578	1.1588255243645698
IL17RB	-2.5041742340130364	0.3876557824831933	0.23634595394704194	-1.8779283087270306	-0.3075989636265109	-0.5392921774980661
IL18	0.2660675429975513	0.29415769842957046	0.02442397723425871	3.6560876692272	2.3628981069290496	-1.1620524032774031
IL18R1	2.965163242328101	1.422381401191522	0.35502540429291723	1.4704355840755183	1.413374712156782	1.2776006732051377
IL18RAP	3.5294911052278817	0.4868974631439211	0.9145605301119321	1.0318251904826738	0.6304168846825446	1.8653242655052593
IL19	2.7311673085877115	-0.19196964029477825	0.1268346390401067	0.29054625224181674	1.582367414048213	3.533750457484896
IL1A	0.9908560660748904	2.761881168257459	0.9289016922075336	0.6471045471956944	-0.7945840816365182	2.5470416406093053
IL1B	1.2115014345748822	2.9417042793567445	1.4678516858173656	0.6964756377757632	-0.2065050365292631	3.000559774119055
IL1R1	3.3484343330914035	1.8874878823143186	1.2661016332142003	-0.04194369442445345	1.1499854413047137	1.3960111669234343
IL1R2	3.0769837586122066	2.115320931879666	0.017186540154502654	1.8653193159880364	0.8623291648971397	-0.8940981999267915
IL1RAP	1.8949555835895042	2.8174459039148343	0.3543257873374871	-0.5450230598541793	-0.1203357844610412	2.939221781206617
IL1RAPL2	0.29618014748799004	1.3975908406180861	0.5244973701130787	1.4775247043514264	-1.318697971495948	3.5946193364440004
IL1RL1	2.065164087386186	1.6523178505622396	1.4538921708453683	2.5054819071137207	0.5276121034963716	0.18867027860484448
IL1RL2	1.8453645994527792	-0.1607467118582162	-0.4013390612592084	0.5983782218763254	-1.5015070533947459	3.2089822930136593
IL1RN	1.935508717149584	2.4769181800490108	0.015036029768109582	0.5246723349588975	-0.24324102264872377	2.540887243403362
IL2	0.07724635974630023	0.5778827448771207	-0.28854795280753376	0.0910302476998848	-0.8026006321970666	3.3813085054638803
IL21	0.5835505850106654	-0.24733493103174378	0.39171861593807916	0.2973860826308843	-0.9409570773058058	4.352352132987685
IL21R	2.5542192612952004	0.4781755779166404	0.23347819180948454	-0.2055912253324732	-0.5407651558941072	2.6317618551385022
IL22	-0.21439056784450544	1.8898685983800387	0.0034511388765110507	0.48326638106224434	-1.7416886091052561	3.0264163843273826
IL22RA1	-1.3866903268609736	0.6324343728308652	-0.8096618696479811	1.8354034593780852	1.413941431053237	-0.9049649639479137
IL22RA2	1.3736870960750553	-0.26339337182131006	-1.2027044957996078	2.308842075183899	-0.8063144540304817	0.5069618572264951
IL23A	0.10729025294915401	1.3339547884607517	1.988625864945375	-0.5291398195241954	-0.3135873608326448	3.4190912410513965
IL23R	0.6656076106323748	0.7231213479632641	-1.0262979280289273	2.46611634168954	1.947193712338706	1.3902963678148097
IL24	1.5415808512362632	1.2868223911429246	1.837633101503339	-0.8307715109809709	0.029206905587365384	3.021623491675494
IL25	-0.2132046139668673	1.4967135372128613	0.13496208522730932	0.8456496177660328	-0.14438089446305255	3.7615935628103236
IL26	-1.110745034687185	0.6059319198412993	0.4997912383502692	1.446837922090646	-1.139980300240657	4.210118733074189
IL27	0.9654397425757402	2.37625194710518	0.005178100639898375	2.524709399880122	-0.12829331049465617	2.5705397456755232
IL2RA	1.2581309740766382	2.2986316481897484	0.15033119593177957	1.112413453424435	0.012256413311809378	1.8284124990219444
IL2RB	2.0641940522752096	0.7094915754907994	-1.399676269396278	0.8996143708513603	-1.6342295543918794	2.1589224531730142
IL2RG	-0.23505792633907224	0.9259597835088761	-0.17803792367631913	2.4616401503379826	1.7942960955655707	-2.3406408279942035
IL3	0.25165215845547667	-0.29179131588109375	0.2849656945541001	-0.6983533592388647	0.6778926074577147	3.879615532014525
IL32	-0.24189755727383117	1.3002745361239847	1.0006802057910793	2.0265906293339206	1.8323855549077206	-1.3724472995271517
IL34	0.5368075175516183	1.5442617893528705	-0.71457801546371	-0.5696709784045533	2.8368806762762917	2.719736707752176
IL3RA	2.3010507118507006	0.6919320763866552	0.1414182760943774	2.911181852268688	0.9959666909779306	0.32989578757825044
IL4	0.11068158196376038	0.632592056734084	1.1261841608862175	0.8333535858465033	0.895069408136646	3.75553794617532
IL4R	2.6291523314902685	2.186363444425087	0.48372961062642705	0.9183780667214984	0.19300554493909072	-0.3367495230800652
IL5	1.490440844741268	1.5299698724042807	0.48301088244594353	-0.04586886902280829	0.2890820907624171	3.5888815577300095
IL5RA	2.0871125733817335	1.1698192726214163	0.1303299952397286	1.7524835309958025	0.41587878681758966	3.034354809515362
IL6	0.5695472126685289	1.4176570325619857	1.4788325320697742	-1.3073701707592267	-0.8253437048743827	3.605023053960736
IL6R	1.4447397164693776	2.5876566629520816	-0.5294469371958863	2.454859373606329	1.701953518322334	0.10770116721512729
IL6ST	2.3172416083844487	0.636524294264289	-0.09858323700474036	1.6843160379669913	2.257491848184543	-0.6866876868456283
IL7	2.4941708033095233	-0.5328996161386044	-0.6092589145550504	1.9104528338158948	0.36657072911141625	0.5837835971248049
IL7R	1.835704907185827	1.9610514392983291	1.662396599870089	-0.43790590213705655	-0.6684755022388852	0.8717884845898614
IL8	0.5627554262891605	1.8414814444841874	1.4439327860982902	-0.7968249213479108	-0.870981430556728	3.7107947292598333
IL9	1.1194531824528149	1.1370488080506886	2.75898984012753	0.1689934884034891	-2.550702478393527	0.9251102480819712
ILF3	-0.8263716220638238	-0.5485777719154785	0.1495966020955285	-1.5846613250832124	-1.1570613564150618	-0.09608544696914478
INPP5D	0.32295377008904236	0.40421473922670836	-0.4171057648188883	-1.6579202704333027	-0.04547239399193659	0.9274474737962319
IRAK1	-1.2075099276251107	0.3817910267447059	0.28415283086522974	-2.019438641340367	-0.7663170956080418	1.1056486999100963
IRAK2	0.9498966335854442	2.121124355557312	0.7375214289652902	1.0696402736325996	-0.055598689705629895	1.6050946596267779
IRAK4	1.6162167337589581	0.284660810855756	-0.15155512139400273	-0.1476956986978124	-0.9203752263483905	0.4935791294017191
IRF1	1.6065189331872123	1.2342301320540863	0.05022154855330335	2.399658419222053	0.7413344244314766	0.9899545017163827
IRF2	2.1050042496593315	0.42013381296688584	0.9726260591031968	2.915386777214718	0.2254106621485477	2.221388198312671
IRF3	1.1647302405534943	0.6553556094222757	1.2204667895661714	-0.2715835997115825	-0.9951089414120965	0.009229226980491334
IRF4	1.9801320999884662	0.41076183208913836	-1.1457828085418205	1.1255830574308439	-0.09440182167133233	-1.6503086775773226
IRF5	0.8396548058192206	2.1442129788451165	-1.9233680944631097	1.3939157348185105	-0.8982848545225004	0.9220773021714885
IRF7	3.096636109800559	2.3906773853177277	-1.1336437910543635	1.765162218695893	0.1894852397705562	1.2658143280024219
IRF8	-0.5092723981738666	0.06046425114574494	0.05919178970662636	-0.7991084126002989	-0.044557018660891734	-0.42515667613315233
IRGM	1.0609331597572687	0.4490529463237548	1.0460514811913726	1.9223982517852694	-0.09746400264732247	3.6701074787124623
ISG15	1.8174575910788866	2.0869852232107147	-1.141735787446894	0.8370860806762908	2.4423904977639928	-0.37442613757319165
ISG20	1.7111716581437917	1.3953337103450862	-1.0325987916805461	3.555236553182814	1.4102880493198384	0.09161019458016262
ITCH	-1.0211281715048528	-0.1297391816154494	-0.11931324317784506	0.8021405020844918	0.24151266222827536	-1.8050306400204428
ITGA1	2.047683635178554	-1.6904614503511013	-0.440291413166326	-1.081606651115261	1.401313460163621	-0.7432511338256349
ITGA2	0.06479944541589067	0.5549282851952999	-0.06243914947744811	-0.8848253499072515	-0.18118321849967847	0.6370180187812817
ITGA2B	1.7597425878778352	0.8163022103886209	0.8486985872149462	2.0326107684181616	-1.0281999445894339	2.171841195239284
ITGA4	2.2894819428370465	0.33941973360350813	-0.28420356894471377	-0.3649774950336899	1.0482074103071712	0.5779764412117043
ITGA5	1.9273511785484498	1.2327015436650437	0.631545675994007	-1.2924659449982072	0.6795935141544766	2.4328235230235773
ITGA6	-0.29214606575392227	0.15800752176879929	-0.3885158232551977	1.0841165749012138	0.8461348397570742	-1.3596311787347701
ITGAE	-1.1513048838421436	-1.214041179075397	-0.8238959223926785	0.4734678996937568	-0.5027078353905212	-0.33335709173593253
ITGAL	3.268597124046738	1.2109880871783973	0.22920434406121026	0.8293289343749751	-0.2807051761821167	1.078921649205691
ITGAM	3.0047944688341173	1.6492717059470774	0.5732409101767291	0.7413966612148806	0.07345892927792119	1.9883360732161421
ITGAX	2.724972742265345	2.564003259071577	0.4418089962923274	-0.508340347468283	0.44370285149693045	1.811736808276435
ITGB1	0.7183777247747709	0.39097155069277323	0.009816404804333767	1.1035878256198126	2.4789875372915335	2.1061962240920544
ITGB2	2.3135865742831	1.4769869697206608	-0.2080988021247243	0.70969963456642	0.9785094690597765	0.3481678719567889
ITGB3	2.9041147551564706	0.5791679758896804	-0.6630380051133613	-0.9648220604303233	-0.4800605527954268	3.0375104325838453
ITGB4	0.8117852478008409	0.709263574432247	0.022065348277237162	0.28536782329625465	0.7631235989934655	-1.7515492153831442
ITK	2.5698626022177566	0.5038538483119067	-1.1335557886625127	2.06571758761203	0.07313757812880695	1.8047854727904908
JAK1	1.260439757915746	0.62388521071949	-0.32625160966693817	0.8352964950025423	1.4840965962010693	-1.185718142966903
JAK2	3.2954620052115855	0.8440575156955921	-1.0699286112979947	1.8540099719680772	0.41696076052577624	-0.6259509632782727
JAK3	2.7634048052869993	1.2745144167592608	-0.35936039174758133	-1.351772075704216	-0.668884435170731	-1.1968223196870613
JAM3	3.3238045360054222	-0.06762807116880787	0.6532026236588485	-0.9956113016391389	1.2643622308949727	1.8191597557247068
KIR3DL1	1.0592908016694897	1.3681901443045938	0.7782952751768364	1.6515733084157744	-0.6537286732734662	2.995720062646821
KIR3DL2	1.4799851458387352	0.29469842253874007	0.13946303661583287	1.3053590741925132	-0.06755281742785915	4.211043958851032
KIR3DL3	1.9836945236696	-1.2064394074094018	0.00529744227505391	-0.35908122806985004	-0.7411405843899375	2.7876217202437052
KIR_Activating_Subgroup_1	0.440413361914073	1.6689270215026042	-0.8913351467436716	-1.2578571482730214	-1.4322405415624393	3.572876268983564
KIR_Activating_Subgroup_2	0.702736723404344	0.45242728631565887	-0.5931355923032025	0.717299764068303	-0.09351952948120462	4.405749182297188
KIR_Inhibiting_Subgroup_1	2.673533156247881	0.7564193193899991	0.9983649122291918	2.0454686752410787	-0.4034702517911143	2.3333053915457858
KIR_Inhibiting_Subgroup_2	-0.785760746959555	-1.834004385694713	-0.6509451142328453	1.1861566499749012	2.494976773479106	1.4238851374783623
KIT	1.9845406688866165	-0.14288950540233558	-1.1067773806368233	1.987316043265597	2.3986398538395015	-0.6151424187375711
KLRB1	0.04365411397393559	-0.9662621816553053	-0.5076677475760092	1.7025528879813097	0.6783937857948105	-2.832769512224389
KLRC1	1.3324408404981902	0.387070541542199	-0.5399865407743661	2.4350411359772033	1.7179142116452089	1.922633124233565
KLRC2	0.20083792886017604	-0.46392552623152117	0.007870935056207506	0.9516805611083918	2.6789731232135487	1.7010553557269543
KLRD1	2.3711670355823182	-1.4839970368906568	-0.620105206332698	2.4066506253248936	-0.05407712607657479	1.295450774757326
KLRF1	2.284206519202269	1.0227128131090055	-0.0843711306783314	0.4682189513821531	0.8561269978714409	3.1363450270990003
KLRG1	3.5539292628569905	-0.19094946929854872	0.3484136525424373	1.405309754885796	0.5075093556580861	0.6278308859781317
KLRK1	3.0860035771005894	-0.72122654333702	-0.5532992505950258	2.302088217561883	1.5109007844820597	0.5152131152295436
LAG3	2.6781181480652276	0.7298516243062354	-0.5860240158429505	0.09654199500203686	-0.6789323827289718	-0.907680898678184
LAIR2	1.4645772540437005	2.2725493115204713	0.07181046339422958	2.0368838701461907	0.9835086412232077	1.8886219317415789
LAMP1	0.046325706752666576	1.4725802133956671	0.9345336365751263	-1.6067970897183952	0.864470871562801	-0.23971960327583486
LAMP2	1.928090388004258	1.1208653229591157	1.4541794982943765	0.5668070199449552	-0.8135014666035535	1.019711204755418
LAMP3	1.2111289878133682	1.527439841319882	-0.8457714040325431	-0.6262617994751564	-0.01782195731040631	2.6850044251603773
LBP	1.1037063937768812	0.29331886586262906	0.6795362139744139	0.3403701472044012	0.3468359139637095	3.4668749908221117
LCK	2.689667229190681	-1.093422804190222	-0.7370988752916122	0.18568058260596287	-0.42601629026672305	2.413093215452645
LCN2	-0.6896846749762	0.7602746993529043	-0.8526747959695388	1.9767171115501185	0.973051522543794	0.5414390033825864
LCP1	2.549630152310886	2.2236717361587712	0.9182461459527005	0.7974288243682972	0.08991313134182888	1.73502209937701
LGALS3	-0.33423721170697673	0.20590282048138492	-0.21369754527564477	2.249912185235962	1.4217178334787461	-2.914961546972382
LIF	0.26314529719070473	1.3560014138072523	1.381644696594225	0.8483172208000395	-0.5312356066029809	3.5007354117616063
LILRA1	2.757621848013132	0.904997129229837	0.5619697207389367	-1.119022125597869	-0.3940849074298818	2.9328955134229613
LILRA4	2.387190730477168	0.2198593028649517	0.45479476604433167	0.9708920651514368	0.7506931919552213	3.522895255865987
LILRA5	2.663250705522657	2.8549586254877415	0.8100895423124268	0.39355529408951984	0.26263017881374917	2.1436111912466393
LILRB1	1.2548280352203396	2.703682645751915	0.2763130924137651	1.1456973327208475	0.7037522969297183	2.09162630033863
LILRB2	3.335682583280451	2.236744648821817	-0.050946749568691524	0.2933903861414895	1.0958324063413782	1.4117787954188903
LILRB3	2.835808059481263	2.930071008263253	0.638229275169946	-0.0010985701993836972	0.007215485546797407	1.4101201714404097
LRP1	2.3463956497420626	1.0772178233015033	0.9217362416928944	0.3290448026586259	0.11839959325209173	1.4346001389608687
LRRN3	2.3931342395403705	0.7684056702195251	0.44176271064261097	-2.276287320151157	-0.5498319834638616	2.81139726706006
LTA	1.965362318649306	0.2864920370647156	-0.9735542129204835	0.7453948917082397	-2.110590523548503	3.1063326500216752
LTB	3.0097218502124434	0.9272353376863602	-0.23021185886790135	1.24591011666554	0.46784722139726914	-0.9096671315903855
LTBR	-0.36932899175471556	1.6139630315259865	0.4794202150918007	-0.3821961783912262	0.007642138386920072	-0.6396068212856154
LTF	0.4902226622762462	-0.7140349867990361	0.6960577496873216	0.9019794772805483	0.1581530549209782	3.2169934079400813
LTK	1.902363328201365	0.05776157285596828	0.6894960957730857	2.0846858622034983	-0.38051313163949724	0.4809031227917975
LY86	2.434825541679839	-0.6396060848310174	-0.9172024242348347	2.4195870580222634	2.473635722285337	0.6408252387876523
LY9	1.9002660592913991	0.15335033471020731	-0.8521043294433909	1.334649494931672	1.1495938492332272	1.017084634935376
LY96	2.0413671092580663	1.3211781693888291	0.664196054388781	1.3222708609095375	2.292347978990365	-0.025498571426351535
LYN	0.9742073863599563	2.106665967704834	0.5899204207443014	-0.3214022221248727	-0.6173092591904683	1.4280528669646193
MAF	2.924442492273612	2.168679674101094	0.7308361147304805	0.8149167879636408	0.6812352134802964	0.7985677703265464
MAGEA1	1.0630720921878796	1.2298502915472387	0.4453929901431439	-0.17114110729286003	0.11613185937841669	3.357391165911964
MAGEA12	1.2249279000560425	0.8351108237165589	0.005247241379331399	-0.35567841623155133	-0.43873743550428423	3.8948956125172844
MAGEA3	0.5136094608096414	-0.033033594040561054	1.6857259223767795	0.4058678626252624	-0.2659637217086548	2.147629389888638
MAGEA4	0.9660712400797924	-0.2021187255105863	0.008118606349261981	0.4187259520240679	-0.03613448093325511	3.237119559649078
MAGEB2	0.706880200970748	0.3829341152827177	0.3892335631181234	1.531407046651939	0.22506967524771584	3.6581576792368544
MAGEC1	0.3924756247423643	0.15306461703624147	-1.1159224548580091	2.4728611935910427	-0.3528165256582842	3.5842367770711325
MAGEC2	1.854659661062147	1.3781392433277404	0.3965217919996773	1.0695335580409662	-0.4250135642526648	3.129440117911431
MAP2K1	0.472479442061564	0.18951168761151083	-0.2986192845869275	1.4962161276962485	-0.026043643799365968	0.5154338590126579
MAP2K2	2.198239666924843	0.6176885961304419	0.342490998831945	1.3618787349746817	-0.34980730194567355	0.269001130768195
MAP2K4	0.6887104327275024	-0.35000508150576903	-0.6531075731385422	3.0341130155772547	2.1577086303353328	-1.6848205429462275
MAP3K1	0.18846368314226047	0.49759344325269694	0.4012049938503354	-0.999310840130182	-0.26344912485142125	-1.8096999621507863
MAP3K5	3.016908085907737	0.4443793397366266	-0.3079124370560262	1.3044129669579574	-1.094816852031133	-0.4004972839230388
MAP3K7	-0.5946843926670313	-0.7915652428506181	-0.19006670962620187	-0.6233347297659813	-1.095837618198212	-0.4917557954966374
MAP4K2	1.0242385774201734	1.7114488649753024	1.0613877726898666	-0.5369915953310656	-0.3560732648921083	1.1211966057978264
MAPK1	0.06886471187512655	-0.05427900001594099	-0.5031742512494082	1.6147822624486532	1.440724249089378	-2.190082190306181
MAPK11	1.0668553729803334	-0.007299711986643587	0.538793671005392	1.7276377334819024	-0.5544274465450527	2.894147530185244
MAPK14	1.2282280362742979	0.35455446439515237	0.3040516610123518	-0.41172237500300574	-0.7083657228295733	-0.46193273342422336
MAPK3	-0.28007864745018807	0.35178870798241363	-0.6862302530684642	1.8996679288756928	1.39700119598811	-3.05276294948756
MAPK8	0.08762862195959698	-0.17372145952198997	0.441882324862703	2.7172443788619765	1.3802665313368965	-1.2112477699454403
MAPKAPK2	1.4698257996822408	0.8840857483778359	0.1882392704157622	0.41791803449069564	-0.21743113449118967	0.5304608566490261
MARCO	0.5219809131116152	1.330464435236773	0.45963393920647627	1.070789515311682	-0.1732249023293595	3.58929695993569
MASP1	2.8915668590348753	1.432073655187555	-0.11614708025159642	0.4642166214201392	-0.8257758249286886	1.9232219892120053
MASP2	0.6377230642938224	0.3569600665014422	2.0835996776711108	0.6718750770561849	-0.05985560580927818	2.532395332275874
MAVS	-0.854424724457093	0.2533839678814285	-0.029166688906510356	1.238618812859196	-0.5796709480898318	-1.8509364277114995
MBL2	3.089855727821424	1.1170286798827178	0.005251861429737992	0.976390035304619	-0.11697470224346951	2.966160855140487
MCAM	2.7562153956162088	0.49217801932478206	-0.925367454553076	-1.8207227675729594	0.8634719636326094	2.7607259337721297
MEF2C	2.226566569763718	0.32730259354134317	0.07572410767494814	1.088027551186948	1.7733027718524255	-0.7976155005158749
MEFV	1.967887943189206	2.7983386380300046	1.002448177528596	-0.2160145665490264	-0.40189790011856796	2.377673708455516
MERTK	0.7748634080530717	1.3051028976721128	0.3634234485820814	1.3056433213479692	2.681522430318839	-1.2395093796653323
MFGE8	2.4095826283264232	0.8635748122132613	0.601887193362123	-1.4607936180852408	1.757911676974953	1.5346327145247904
MICA	2.2764742239335685	0.3037068565457004	0.46207078033067256	1.819859428479501	-0.424186399330706	1.3078648629314717
MICB	0.5284352554254841	1.8970071499697605	0.1955744891705521	1.2164289436476015	-0.5515547171528103	1.857054648451671
MIF	-0.95891088756755	-0.2765317603696721	-0.14743509184067916	-1.1878075675596882	-0.12020770007939396	0.5285928666572965
MME	1.5880349606704922	1.9767292950762896	-0.012057432126594492	-2.1210293359991508	-0.7291514411545945	2.429320523618599
MNX1	-1.5187437140788913	0.16530189036308096	-1.4406159107919732	0.0883424222829455	-1.559851635015295	1.8550762256640851
MPPED1	1.4246504009047074	0.6894369829055906	-0.241074158311734	1.3676252195951872	-0.6705515321969101	3.870024446702231
MR1	0.957731545288725	2.4577482395010035	0.011632635353500509	1.825823482897694	0.7664756672724639	3.178423479617568
MRC1	1.666029401928984	0.8743665401800187	0.619268390098084	2.0568841088302268	2.6163852315184677	-1.8185950750967037
MS4A1	-0.07900509978118003	-2.759617516728179	-0.14936451406024184	1.8640820866503776	1.7692585148944784	-0.9164877753444319
MS4A2	3.565487801452698	1.4530620387828417	0.2953879660417259	1.941189914115403	1.0961432876854338	0.3264732783197299
MSR1	2.2517308038851183	1.3932501710051766	0.056388216764512444	1.2092387074261017	2.60835507426916	-0.001820474451405596
MST1R	-0.4893511985159281	0.8747927051090972	-1.258985473759249	2.718304779674786	0.5640990848029446	-0.2736750835304447
MUC1	0.9599728139822126	0.43766444091533785	-0.08966149381217159	1.4548588144199042	0.7352353535070811	-2.741379666807169
MX1	2.0597336344937833	2.0411365216510773	-1.1909001556770162	1.4588088015827683	1.7389499214696609	-0.34122168229695515
MYD88	1.1969153323834092	1.682313447036645	0.4052440362719003	2.5751206711019963	1.2521220263182662	-1.0938212139011374
NCAM1	1.1397324910101652	0.4959792390089214	0.6988687807237719	-0.11569452572490746	0.8067414643086035	1.52309396521509
NCF4	2.781918845393936	2.2184323094399	0.019737895354865448	1.1536993499768309	1.1028918685503104	0.1701729757386271
NCR1	-0.2130515127092303	-0.6633158713786914	-1.1883837351578685	-0.3092897950542075	-0.4732762189691805	3.7964652685964437
NEFL	0.5666992873449803	0.8651979248792044	0.3489482796404276	0.6475368913719163	-0.8733274034970795	3.5121411691239683
NFATC1	2.5078797181015555	1.9825407833146995	-0.7151272236646207	1.0834686891395027	0.08236561953350938	2.4516997565890484
NFATC2	1.2680093370168857	-0.31619689127068107	-0.7643713306093924	-0.03131919864190624	-1.3763830971603477	-0.9121514936542465
NFATC3	-0.8679467110337747	-0.923249670272067	1.1161788437425082	-2.431033854174521	-0.14207448349293025	1.4435574847864794
NFATC4	2.602598555869016	1.0496500167700613	0.00548751361932269	-1.1247594069546516	-0.8105770583936568	1.5934853212264763
NFKB1	-0.18671707648998614	1.094127139148215	0.18972267975734863	-0.021711188322602548	0.30669774838211533	-0.7960546896861231
NFKB2	2.7493144044336817	2.0879105321430034	1.2726513586289987	0.667075468595273	0.24017581498464907	1.6829622827709407
NFKBIA	1.3802779426278626	2.5727403002029856	0.845244633287856	1.6358167650496684	0.6988056908793027	2.3948164706086073
NLRC5	1.1481536723901364	0.8417213984885631	0.6961049120348075	1.3745432486243983	-1.5919295437818743	1.9980265457725723
NLRP3	1.1798696799139248	2.7201313967630307	0.96733258855341	1.294669815156208	0.2771915631798477	2.6700463594176886
NOD1	1.112302801172174	0.5865204730827124	-0.47860427688973795	-1.9725793216664904	-1.565864866381092	1.8000741599948362
NOD2	-0.0356435198259456	2.403563121588049	0.13840031905031436	-2.5704088263759113	-0.3042100031250818	2.946645249149322
NOS2A	-0.9065372469041585	0.9625102425702411	-1.168272960969332	-0.6044658087956172	0.5246599485425811	1.0493250473162408
NOTCH1	1.5468242831153836	0.2847684016931631	-0.27860554582376734	-2.877161670845713	-2.0953465186306794	1.5040367224861182
NRP1	3.322109720364118	1.405451749049639	0.12408847597292327	-0.7626060124850715	1.5632106883976928	1.3752889487134197
NT5E	1.3829095733789223	0.9057240046039955	-0.42859493396557574	3.4444523754679164	1.6085762928795149	0.3381598723146699
NUP107	-1.6427715141925807	-0.6031168973056081	0.12339848393716846	-1.5854786947586477	-0.22218608562837966	-0.19609053276954458
OAS3	0.7737444557827767	1.598657392684638	0.32784474158999666	0.5569626323012244	1.1140856088906357	0.7907156975066534
OSM	1.2942896386483522	2.157792147163906	0.5843573101836465	-1.1729209608740965	-0.3250862574335747	2.65502202504082
PASD1	2.194478126543173	0.8519274455568066	2.8976617391436705	0.48875285067801366	-0.45344255773609515	1.822438399988268
PAX5	0.9776591695651868	-0.0650710563962588	0.7708596135046537	1.6735098821441707	-0.1764357772942703	2.5050548069340697
PBK	-0.938766018550977	-1.728771831991798	0.26042534746215784	-1.5815442957266346	0.24723069262780967	1.6247289772964095
PDCD1	1.0736405189430525	1.0679034858935643	1.0019763902899013	1.4106365648202797	-0.5111303899742566	2.5732370043137505
PDCD1LG2	2.6223920487889814	0.5447700494758012	0.5485293115690846	0.30796460273640547	1.4354979577512155	2.5886700141536982
PDGFC	1.3715334123897323	1.0938624496007183	0.8802135603343947	-0.9190397864236578	2.336019262699176	2.0261438415421367
PDGFRB	2.5584217556323936	0.18853109663211415	-0.22922510063226983	-2.3472970622266285	1.6165831916813127	0.6947150134134327
PECAM1	2.736586324576664	1.181940949161514	-0.5156661205160519	-0.844251032424815	2.145990616399898	0.4550614106498266
PIK3CD	3.027608047206752	1.753555864921967	-0.1234179313537756	-0.17783765809352448	-0.10072122517478	2.1527870745254045
PIK3CG	2.5641355412066242	0.8968245989848203	0.17793214252501952	1.3826882581753777	1.3755086460863457	1.2034361115841674
PIN1	-0.24086672054432107	-0.5776000146380025	0.18975779507340207	1.1768954474416897	-0.21584625117371903	-0.7612475187207204
PLA2G1B	0.46466963069720824	-1.333137362492558	-0.49353725064042975	0.6485362564639126	-0.8592956315444267	3.3035510559648067
PLA2G6	2.5360950216788707	1.940814360863111	0.012897262135466353	-1.9898341379529727	-1.575736037846304	0.14601244105180156
PLAU	1.316670960836635	1.6279009649500007	1.4441349758418554	-1.824586337937506	0.10902235444312014	1.3265957690220105
PLAUR	0.9516351052702327	2.604249207964939	0.3817814383766351	2.08304321441795	0.12326459222750982	2.4571550972445126
PMCH	1.6728488111699205	0.7727713421418374	0.6878789957465274	1.2351569306073895	0.3537456213057022	4.113004275173868
PNMA1	3.436412959393077	0.53995172390029	-0.9091080206202015	2.3294960007880947	2.0958189545463455	-0.3956757614676854
POU2AF1	1.7954733181916713	0.7678569406671361	-0.603028273799037	1.4393329925920002	-0.08573057861217563	0.63258672031491
POU2F2	2.7178805039238494	0.09426600660654405	-0.5344193563334279	-0.5055493875226202	-0.6633079083313788	2.1335475095869163
PPARG	-1.9695542847452747	0.08886940642394947	0.8855102041467453	2.8535142969118414	0.4252817567619239	-1.5749277346995576
PPBP	1.1552327275269063	0.836275600883778	0.7419886982984474	0.28249766115080077	-0.6235305387127723	1.8040226154492272
PRAME	-1.1868141883215917	1.9297351700477392	-0.4530614087890345	0.5447931620396687	-0.27048595927600994	3.4372275780618153
PRF1	2.9357577493475357	0.6922196766281441	0.37610073792472615	-2.4079257809566412	0.0027806738341262655	2.0454621429042747
PRG2	1.4977505459365088	1.1265472513700407	0.7671038238759605	-0.2089473454017413	-0.05776564011150709	3.806109063725139
PRKCD	-0.13836004549986516	1.2126988317146772	-0.6926665295778297	3.7408531309863937	1.1125779010385914	-0.6862885367731786
PRKCE	2.772702231558304	-0.08679041336192661	-0.4124800289683072	-0.4484934113219404	-1.0699233044250929	1.3579936578609162
PRM1	0.2522554802844291	1.0358115762270637	1.004693248146846	0.452311706096011	0.2362228519474323	3.9176220454846167
PSEN1	-0.1776224814817355	0.31065335669847627	-0.5966014958612369	2.752800485770316	1.7586025749221519	-2.499631021053308
PSEN2	0.759981388978146	0.707911495224843	-1.574775580550603	0.9898317969403472	0.4160547334461376	-1.4508962001772678
PSMB10	1.1180179103808525	0.5926481872182722	-0.7561802865456758	1.068500392443751	-0.0676139401370549	-2.3799275532914583
PSMB7	-0.05022193509596051	-0.29934590377264936	0.10965331655609012	-0.7000621281023973	0.5478894102022771	-0.8410506464451888
PSMB8	0.23770208903704387	0.176802584972237	0.06504709447181645	0.24302949061408008	0.14487534626703238	-1.7932790958951976
PSMB9	1.1010555144944802	0.4681229273577354	0.027493837413814448	-0.01947390603616994	-0.29468630008561303	0.5608943658334036
PSMD7	-1.4001600569387112	-0.18463373709991215	0.6428332578105636	-0.5037661712587747	0.9242308290429416	-0.8984748233666751
PTGDR2	1.9926444367426694	0.8315491223699111	-0.2763351563465951	1.6803830000069055	0.4558398040588108	2.9282526359048835
PTGS2	1.630742549488786	2.0744343197213757	1.5057068657410033	-0.6793066635667053	-0.4855158665262743	2.916483161018875
PTPRC	2.1849907312992567	1.2298765682607877	0.5133253752256477	0.719264868342646	1.3345754479213152	-0.12147020772731232
PVR	-0.6390547561986542	0.8335980043713582	0.03265939391379369	-0.6984696478869	-2.261759342235533	1.6273240860241904
PYCARD	1.1430814962461844	1.233564988115075	-0.6230994139122826	-2.4916785971092916	-0.9722642238237251	-0.27691138828685324
RAG1	-1.0516066943678026	0.5738908615436418	-0.627275482776805	1.8569517824204569	1.0152961390536364	3.409510502284289
REL	0.7876432257358976	0.7535998740607242	0.3717588269317645	2.6366700057547345	-0.21498383530393206	-0.35063024972653223
RELA	1.3750320117498978	0.7230764682774794	0.9195146667592915	1.1118533664138834	-0.5753005519158092	-0.44743964702316164
RELB	1.112195683482967	1.880932490555852	0.9526999713407401	1.083670746662595	0.57749636503246	-0.035515384028068864
REPS1	-0.2509163703531424	-0.2599381263580257	0.2789434461798082	1.1570866246998928	0.3680356879160966	-2.8207982676451744
RIPK2	-0.2182016630261121	1.3819241648516172	1.3680514625292752	-1.0405305379803471	-0.15048025101902746	1.8203471193773892
ROPN1	1.4461803836053433	1.059648449252123	0.0059647999717502564	1.9781564959765365	1.4147624921553565	2.655856490950569
RORA	2.1411043417061473	1.5213154595633673	0.8601482896750432	1.459306385631286	0.1579700027840366	1.2646837255017092
RORC	2.0756010882325513	1.0256381509647967	-1.3646278748341327	1.753871179609312	1.0569265226796125	1.5069629703741145
RPS6	-0.5422268953966433	-1.1743628441922283	-0.4589531106591691	-1.3217175261269252	-1.2276675681261682	-1.3358795809582396
RRAD	1.5137845190600583	1.167032662667783	-0.14490223250028808	2.3317548262892793	-0.03356168779901961	2.7051805032413525
RUNX1	2.9628361827518304	0.9222904015652278	0.7888698379558989	-1.53498374324693	-1.0569092065424166	2.267620619182119
RUNX3	2.114612230112637	1.804362958250319	1.4136477566367334	0.34729664084805756	-1.4054931450735209	0.6399841960066075
S100A12	2.1822419516101332	2.039439115423765	1.1432262871464935	-0.14719988939906292	0.12372068262888025	2.8912592967386406
S100A7	-1.7725937877086724	0.8533578143570191	-0.09451561623184263	0.35415601897745086	-0.8475218849526958	3.239008091471793
S100A8	2.082951230026884	2.352794927537929	0.7478068389915047	-0.5060288138258561	0.3909705177965098	2.695114572863358
S100B	2.794316738141603	-0.11186443921595479	-1.236599986046508	-2.127748944340383	-1.4406198519560587	0.6261730858239035
SAA1	-0.41021791839136457	1.325575466087106	-0.6127108578125082	-0.5964202027353781	-0.407383406583784	2.8170746345219455
SBNO2	2.252199334739692	1.5588008507469318	0.1628107618624221	0.29019463871835616	-1.616381530993012	0.806360639477333
SELE	3.220422978479884	1.0516691034337087	0.4123921861377417	-1.78824719099803	0.5584281088195197	1.8402368195625654
SELL	3.143441684031432	2.2488261569418735	0.5625167587398455	0.012173421689397612	-0.23755806591843381	2.2131741900370097
SELPLG	3.610614187806079	2.0919408835594733	-0.1894205252852595	0.940478238483903	-0.41085548398762894	1.0867392428448497
SEMG1	1.1378009019928879	1.5233563575289906	0.28276226573688684	1.664731434177142	1.1156855527598557	2.2325265306436473
SERPINB2	0.9184622183811847	2.0130547728624286	0.9401468770355272	0.7117230550522144	-0.31276693133675715	3.737405234213311
SERPING1	2.985604765072694	0.7292774436288555	0.28648442679543107	-0.8350321725997351	1.3722959314567624	-0.5370163467054089
SH2B2	1.2480775139392657	1.5841489567582563	0.35204449141917377	1.8959737825985283	-0.6728957013318819	2.262307228971948
SH2D1A	1.7956182939362968	-0.4098816948825731	-0.9816537390396447	1.4367127723283932	0.34996107223709916	0.060558172501136376
SH2D1B	-0.24243339755058568	0.1784385103647954	0.0067805035678671355	1.8881002562028544	0.2719362753766082	3.5780140523462762
SIGIRR	0.5812360472169756	0.025644292956316206	0.17838479018875786	1.6161172928392182	-0.6816624493359169	-2.5626209085818568
SIGLEC1	2.701580734699469	2.2760617551587417	0.005638571059511599	1.9304009492695284	1.5452700489626539	-0.10590563032955369
SLAMF1	1.2226311367821294	1.5104166697973873	-0.7191962132271135	0.585619323961631	0.41510050175397023	1.2229861140581966
SLAMF6	1.3750123377912002	-0.5689361789785484	1.709532751771162	-0.8533169228592317	0.017045348369007784	2.6138070258084847
SLAMF7	1.4260868527809236	1.0794090890972003	-0.1562424442902872	1.7165782455907548	0.9609998951569971	-0.1208063218758818
SLC11A1	2.0487381816663457	2.8539630691454523	0.9595731991542611	-0.9283282251294765	-0.22162189027939233	2.7353093372137143
SMAD2	0.43424468599647903	-0.5312098142103678	0.1454824439647684	1.1925386929730741	1.4453931936422237	-2.2883797392173864
SMAD3	0.6084819960263796	0.3245611050133813	-1.473661728041123	3.240928763358518	-0.1983279839788349	0.3562248635340345
SMPD3	0.07071431179081544	0.5111856283130456	-1.7989456113238846	2.430149359173907	1.2120821723458342	-1.6547378986991421
SOCS1	-0.4999283761136668	1.4526085974937166	-0.21958264560822924	0.3859851782827808	-1.9660964011533082	1.0181205980549102
SPA17	0.9130410199914247	-1.172849557239993	-2.013847503148866	2.311549170607985	2.8338288846472754	-0.36665129779356653
SPACA3	1.216691821635531	0.590068841743817	-0.5162710766410001	-0.05094959142842492	-1.045777510590099	3.912512201946451
SPANXB1	-0.7753372667687627	1.1725510242706294	0.008997680543883169	1.2384956207125322	-1.2108525685774274	2.6733811371132234
SPINK5	0.7777870640215433	0.1576668149314842	-0.9802834064214039	3.9760482913201063	1.5660901252247135	-0.8692950742915548
SPN	2.395270585686239	0.38707326207295784	-1.1722827020226885	0.9987966480465028	-0.8948759209380389	0.1242393262637218
SPO11	1.9253141013313135	0.032849451038368005	-0.46940067154435294	-0.7115893391945304	-1.0676290360138936	3.527105813817352
SPP1	0.869173133915169	2.3587316735758552	1.3657298776017377	-1.060077671695923	-0.20658877506382078	2.0411879217184072
SSX1	0.21621160897178454	1.0530404516189864	-0.2440084881727479	1.4632287280090501	-0.7747916115480076	3.8616827368117814
SSX4	1.3455485735280346	0.36276348581117823	0.24308466227790998	0.23198593038006265	0.3064971807200975	3.996698969392373
ST6GAL1	-0.34332580070414687	-0.0884357221324602	-0.3340656367490726	0.24852870776381009	-1.0724507722227572	-0.7404079558418519
STAT1	1.9995185421502613	0.8516099220017326	0.09852271565049076	0.08429608719514725	0.3205895495589013	-0.04817441109735343
STAT2	3.700625375232863	1.4051238014659932	-0.46232771097450986	0.36754741526955836	0.7489592738844714	0.4702086634538174
STAT3	2.1682747932563227	1.6718423473363448	-0.2671096760040903	1.737517554561881	0.8251067733488435	-0.9220967078561723
STAT4	1.8348995743873617	0.8976115344250823	0.40578920915785355	1.675885117817947	-0.21309506702822292	1.7960358604688218
STAT5B	1.3372174902454415	0.7258026328359052	-0.6189987908327459	-0.4993839522759237	0.11029573703214718	-0.19613066503643317
STAT6	2.4558324922181027	1.5979744455223703	0.3041837773190801	1.090824842824179	-0.6691903118542377	-1.6596998969774828
SYCP1	1.8457786958263656	0.9646806435666195	0.7150066765210985	1.1060833550517117	1.0193310009477576	3.2290082259736663
SYK	0.6039589334017835	0.05760297232480138	0.7241509582993112	-1.200620521153528	0.016196269114786915	-1.5392368899662867
SYT17	-0.7778396201687474	0.829838904287598	2.515713377161373	-0.5169551364253173	-0.6215018884525583	2.5954539912217847
TAB1	0.4059603144559326	0.17945210227712508	-0.6925585240455134	-2.202745472982147	-0.371043275339967	1.7206440340976383
TAL1	3.221733641822105	0.5050841359503947	0.4386005390923333	0.6947410125165605	0.5045015746499364	2.798343834644331
TANK	1.4806333935840374	0.4393353326226338	-0.6634681698106523	1.8788833919946486	1.7095118391228254	0.022718736913946436
TAP1	1.3235961286138798	0.7843440901252092	0.12430168139620146	0.5338527997591107	-0.22162244352315724	-0.05457508657792731
TAP2	1.4922136148092924	1.536349934819817	0.15498630571776148	1.1219102545515922	-0.23154170695004145	0.04256643989024966
TAPBP	3.6357732332153168	1.5223043964823075	-0.5882137415456518	0.5455269471688049	-0.7132609070475693	-0.44352004651229715
TARP	0.7881858596798561	0.6271640038090006	0.752861131837115	2.469891334354467	1.3208487477199597	1.6172835531473635
TBK1	0.2950206848864816	0.16699940004170188	0.003661945245644116	1.1564013607955181	0.5535308319171367	0.9024957337873114
TBX21	1.7385885709955322	0.13882752361767733	0.12443157898814028	1.456418299537667	-1.131969870025894	3.049215345355024
TCF7	-1.1370359712883962	-0.04030307017341028	0.30122920972433676	-2.3538825764780382	-0.8558953164262946	1.812572457522664
TFE3	1.0084553749222296	0.40303942595095554	1.447166777711414	1.0629497783896513	-0.5087634561459369	3.429270704688192
TFEB	1.234055280104596	2.6458481297792726	-0.5731289145391174	0.44629890091362734	0.020765712441217776	1.0471208313197415
TFRC	-2.913109568145392	-0.4028820408789258	0.6315976934754743	-1.3675650551641225	-0.22642303898138122	-1.747014037592061
TGFB1	3.2628694039902997	1.5498663750339645	0.21180826620571225	0.1502011587969545	0.31712657580926445	1.6630980715860268
TGFB2	0.7932174423155972	-0.04455002721662038	2.3902926173674195	-0.583136863938904	0.3289781811315803	0.073909540323849
THBD	2.422091187463995	2.4775710437402068	-0.041906627141465244	-0.7537305116979154	-0.07992273956487495	2.011649150581111
THBS1	0.11208886676324326	0.25446693179922447	0.15728580109554724	1.3388595872833233	0.4770762803457308	3.102706996384363
THY1	2.178912951439727	-0.40861633782478207	-0.045595413422121256	-2.104615938954718	0.7589348148023605	1.5114320973519981
TICAM1	0.991749454875327	1.4868289087687834	1.1584011790457427	2.0241277947594822	0.22368978633451636	0.5768677520261971
TICAM2	2.621029423676287	0.6927811348477361	0.3257667116789905	2.676547604704967	1.4602550802143979	1.69407326859874
TIGIT	2.9419022668234183	-0.642677159201815	-0.7387765506889732	1.467250628259918	0.4330997867009684	2.5130604276855046
TIRAP	3.012065686413195	2.329745310125022	-0.49147212444872923	0.753955764452831	0.3798071838773782	1.2393681269564725
TLR1	2.4823718406382573	2.2774589634897726	0.8834118326724074	0.6230603673463819	1.4984937160644243	0.21282249375420853
TLR10	1.6987764402543482	-0.0038241701227087477	-0.5467290763435886	2.638889184816885	0.039018435394405665	1.7117263110600212
TLR2	2.7296529690312807	2.365192659908425	0.8179439872986628	-0.024788295468977872	0.6043382175663413	2.00317545423576
TLR3	-0.506958004737796	0.10092063710469196	-1.3885611327069016	3.1953286995040076	2.653407801808391	-1.5816610549201684
TLR4	2.6198420140972924	2.3105187883877663	0.825077021165362	1.0398790653161956	1.9192315977030152	0.382575964134241
TLR5	2.3189243489121147	1.224808459604854	-1.1183608405724985	2.0540410482236098	0.39258268996945844	0.5399410671735859
TLR6	2.3698372238762704	1.2432532505483644	0.7740155299712264	1.3738651590219373	1.4038799234162975	1.5833285374560866
TLR7	2.2148636800922556	-0.3137318191256375	1.0022309000533938	1.5797306120348442	1.328056853636771	1.1774308807149136
TLR8	3.4727677264132395	2.2810961609955474	1.2316639492924772	0.32937610548182106	0.5661123394584485	1.148371642668745
TLR9	2.3977620217172024	1.1756892702040231	-1.3769622883542663	0.16243221528132545	0.4556455212706801	2.678180940814623
TMEFF2	1.5297337891309697	1.5389615368690348	0.5854002748098927	0.7751792562735637	0.33804423368278	2.722819499227307
TNF	2.500662937392151	2.782610496532612	0.7555764110389833	0.762836452455234	-0.5458097129432975	1.3851136298163291
TNFAIP3	1.7575018920997223	2.297187666867158	1.4919999651157922	0.8143788341921594	-0.1419781280770106	2.9567267707453864
TNFRSF10B	2.887622181065339	1.4386612236994598	1.112289345081729	1.3559270895739934	1.0068271034607281	2.462190243905134
TNFRSF10C	2.363283345117083	2.385575543949016	0.7384429588691226	1.1588867087583241	2.045536467092935	1.7749544386727107
TNFRSF11A	0.02228115075683154	-0.513793824416893	-1.4893960228941538	2.8873423849748394	1.0455115453178605	-2.955101833059146
TNFRSF11B	2.3963301193547384	1.3176069549015474	1.2685103125191741	-1.2165455544595642	-0.2975202055147821	1.5701582523815367
TNFRSF12A	0.03780111214911065	1.2331190979579159	0.6696440439465674	0.16026366357822108	0.6750301530970545	3.2908848398452113
TNFRSF13B	0.915494478477642	-1.647047634529774	-0.4438980859898283	1.597343037135564	-0.2645155648142543	-2.465506637573684
TNFRSF13C	1.0367369128405781	-0.2931759658458207	-0.3817179371586787	2.114483683341873	0.5716023933306151	1.5177677531924332
TNFRSF14	2.064569815812645	0.8171228376492735	-0.5952705708854604	1.4104417840666617	0.3593612550364252	-2.634868874277625
TNFRSF17	1.1910028373508155	-0.37272205000711023	-0.3156823132999552	2.7797897056635428	1.258876615631743	-0.6303807358416607
TNFRSF18	2.9939884564280255	1.4419699949930507	-0.6581841676080342	1.8115157211339494	0.46649470338943266	0.8788579862942115
TNFRSF1A	1.9276605456047502	1.6319784220622926	-0.5799320392952926	2.07924502453888	0.9678653362200718	-0.6169968700701403
TNFRSF1B	2.080540831370411	2.4001162738363173	0.19486134508151387	0.1512707749751791	0.7474202060961512	1.8040964411068434
TNFRSF4	3.4585024691362487	1.518757068731654	-0.6150778064667345	1.2523668926962994	-0.1249318564572172	1.2966114494577536
TNFRSF8	1.8904061037025477	0.8469711099730053	1.2093976281965984	-0.14786175629463183	-0.5756201811708852	3.2543195207453732
TNFRSF9	1.2012710779412294	1.6083592127195316	1.2614502137620625	-0.4425691059451955	-0.047471656977446125	2.0340866229271977
TNFSF10	1.0728371611945944	0.8847479195482502	-1.0220555629472932	3.3967713426503643	1.6250142829017284	-1.6298095297513795
TNFSF11	0.09958842689479797	-0.11756339422167306	2.009946058906179	-2.1587865025365423	0.667025524990311	3.172201558956681
TNFSF12	3.441184882337497	0.17956231080874588	0.19992456974657935	0.6508088676528846	0.5712613740177154	-1.643556306862851
TNFSF13	1.2732200278051002	0.94253834688741	-1.2173516223486407	2.9646340051779356	0.08892956865637847	-0.43251457413180877
TNFSF13B	2.95200248123073	2.098222554754147	1.238306434147184	0.3652314543347951	1.1001349805145426	1.0928067454399868
TNFSF14	2.3029812965674736	1.3574373891342084	0.6891505472766968	0.19364455316125362	0.5838858882111319	2.4780913709928742
TNFSF15	1.1139514401068396	1.9898487541275536	0.7140066149033201	0.7215531168588769	1.2271413516649101	1.848277355314023
TNFSF18	0.34966748870307895	0.6739513311340606	0.006914082373759789	1.6863897028478463	-2.25874765214737	-0.5090730191381209
TNFSF4	2.317861352686207	0.6914625295331281	1.3445101409966083	0.6534306265502551	0.44588091665013946	2.946190658833491
TNFSF8	2.6334096780101657	1.3668789585065884	0.48566310928581213	1.5781525738435656	0.1268252502586498	2.1845259159192407
TOLLIP	-0.09932257366175892	1.7112703532310696	-0.11922167583766669	1.9863395313330807	-0.02807002404201675	0.5466169586101821
TP53	-1.1346681988480163	-0.7954184976269894	-0.593005717958583	0.4200661205443643	-0.43571913702395715	-0.34977610881592325
TPSAB1	2.8087382962305205	1.686421119420383	-0.06722184314026147	0.8021385159932627	2.2307859784647825	-1.1249478462046663
TPTE	0.3855496405133407	0.45791172512665157	0.4572708431247633	0.0371567487473764	0.6378901565480528	3.9409242174574572
TRAF2	0.9301674035613398	1.0193296385301935	-0.465913530253168	0.23445032379559894	-1.4013812886249328	1.7939699572288275
TRAF3	1.2985400926124324	2.6604008637761676	1.0195439892381097	0.7144072984035197	0.8884048993076837	0.932351429807689
TRAF6	0.730754206818414	0.5593532780772736	0.3542802315049798	4.093965167231503	0.5977078363630572	-0.375093162867553
TREM1	1.9303501985143663	2.404074132330674	0.7320636317183655	-0.4997707098482821	-0.08176434633024598	2.843822147796608
TREM2	1.4357698712165616	1.1699234186305596	0.41918830157513554	1.8322757660557065	0.887871551703837	2.4085010207204762
TTK	-1.7861741079109326	-0.9744066680139342	0.41832495095270994	-2.050989201539618	-0.51632250988277	1.3043044664549084
TXK	1.9600626130236574	-0.17356999289955033	1.991900785514468	2.7564611073412744	1.3428873161429045	-1.4956557978346563
TXNIP	1.7958607482147442	1.047276755072979	-0.3430759654156719	3.291551701006397	1.4510593838664994	-2.2887342434611333
TYK2	2.091570535716761	0.40753622874498685	0.23170852793275729	0.7274639369029429	-0.9560622904263987	-0.9593403466541727
UBC	0.03551195646163979	0.8715594327789767	0.32468480154689616	2.6361574641526784	1.743729441754637	-0.679554882550971
ULBP2	0.6381907101630658	0.3830558837133732	0.7563852189382476	0.2036176140652759	0.08362792433211436	3.2564911105900447
USP9Y	1.856102940711111	0.20322232918218797	0.15938179314370238	1.3142868785881388	0.6100095460312482	0.4178308214153805
VCAM1	2.692685127253407	0.6424229804280444	0.9059087837417628	0.49175116475086356	1.1002367717012278	1.694580296440885
VEGFA	-0.6830643178007361	0.15665972035413278	0.6825171833023064	-0.09049047505010854	-0.9484416170733343	2.4986369987408215
VEGFC	2.376675437091662	0.6730097520442918	-0.3346240859816386	-0.8430389022159992	2.5097053332187236	2.2386622360798496
XCL2	0.7380034926897718	-1.0955332115419403	0.004714647026692609	2.9690609684902274	1.790662475468349	2.208285991504572
XCR1	1.6930914660901064	0.34041875085520357	1.1023463702516292	0.603327620962829	0.06470789386826392	3.5773693001777813
YTHDF2	0.06722370247594617	-0.5813871603619931	0.3353325930979285	0.7529262986541547	0.5060036023725439	-1.191789873867817
ZAP70	3.721478439957992	-0.5189755477713301	0.15428394650809657	-2.65634966967394	-0.6355648135375491	-0.03966648736283568
ZNF205	0.1129135945872407	-0.26199678009509325	1.1817569457532955	-1.7732884543615448	-0.8402975195086408	1.4784656600997106
