baseline	delta	n_paired	spearman_r	spearman_p	pearson_r	pearson_p	partial_r_resp_adj	partial_p_resp_adj	partial_q_BH
Tcell_infiltration	MHC_II_delta	12	-0.895	0.0001	-0.796	0.0019	-0.851	0.0005	0.1404
EMT_Mak	Bcell_infiltration_delta	12	0.804	0.0016	0.618	0.0324	0.827	0.0009	0.1404
Hypoxia	IGH_n_delta	12	0.343	0.2756	0.472	0.1212	0.753	0.0047	0.429
EMT_Mak	IGH_n_delta	12	0.545	0.0666	0.561	0.058	0.745	0.0055	0.429
Epithelial Mesenchymal Transition	IGH_n_delta	12	0.469	0.1245	0.469	0.1238	0.69	0.013	0.6786
Hypoxia	Treg_delta	12	0.014	0.9656	-0.001	0.9981	0.675	0.016	0.6786
Epithelial Mesenchymal Transition	Bcell_infiltration_delta	12	0.65	0.022	0.429	0.1636	0.674	0.0161	0.6786
Tcell_infiltration	Tcell_infiltration_delta	12	-0.678	0.0153	-0.646	0.0233	-0.669	0.0174	0.6786
Epithelial Mesenchymal Transition	Tcell_infiltration_delta	12	0.517	0.0849	0.327	0.2998	0.656	0.0206	0.7141
Hypoxia	CD8_exhaustion_delta	12	0.133	0.6806	0.085	0.792	0.638	0.0256	0.7516
Tcell_infiltration	TLS_Cabrita_delta	12	-0.65	0.022	-0.63	0.0283	-0.635	0.0265	0.7516
EMT_Mak	Tcell_infiltration_delta	12	0.497	0.1006	0.482	0.1127	0.61	0.0352	0.829
frac_amp	Bcell_infiltration_delta	12	0.582	0.0469	0.559	0.0588	0.609	0.0355	0.829
TGF-beta Signaling	SBS5_delta	13	0.624	0.0225	0.433	0.1398	0.581	0.0372	0.829
DNA Repair R-HSA-73894	Bcell_infiltration_delta	12	0.476	0.1182	0.5	0.0975	0.592	0.0425	0.8482
TMB_nonsyn_per_Mb	TRB_shannon_delta	12	-0.434	0.1591	-0.622	0.0307	-0.59	0.0435	0.8482
Tcell_infiltration	CD8_cytotoxic_delta	12	-0.538	0.0709	-0.61	0.0351	-0.578	0.0492	0.8867
Myc Targets V2	Bcell_infiltration_delta	12	0.476	0.1182	0.54	0.0701	0.57	0.0529	0.8867
CIN	TLS_Cabrita_delta	12	0.58	0.0479	0.497	0.1003	0.568	0.054	0.8867
Tcell_infiltration	Bcell_infiltration_delta	12	-0.441	0.1517	-0.539	0.0704	-0.551	0.0634	0.9519
CD8_cytotoxic	CD8_cytotoxic_delta	12	-0.531	0.0754	-0.549	0.0648	-0.534	0.0737	0.9519
Hypoxia	Bcell_infiltration_delta	12	0.462	0.1309	0.273	0.3909	0.533	0.0747	0.9519
Hypoxia	TRB_shannon_delta	12	0.203	0.5273	0.139	0.6669	0.52	0.0834	0.9519
DNA Double-Strand Break Repair R-HSA-5693532	Bcell_infiltration_delta	12	0.371	0.2356	0.503	0.0954	0.516	0.0862	0.9519
Hypoxia	Tcell_infiltration_delta	12	0.266	0.4038	0.167	0.6047	0.513	0.0882	0.9519
TMB_nonsyn_per_Mb	TLS_Cabrita_delta	12	-0.406	0.1908	-0.661	0.0192	-0.512	0.0888	0.9519
frac_del	missense_delta	12	0.529	0.0771	0.633	0.0272	0.511	0.0898	0.9519
TGF-beta Signaling	TLS_Cabrita_delta	12	-0.538	0.0709	-0.443	0.1491	-0.51	0.0903	0.9519
CD8_proliferation	neo_sites_delta	10	-0.624	0.0537	-0.423	0.223	-0.539	0.1083	0.9519
Stemness_mRNAsi_proxy	CD8_cytotoxic_delta	12	-0.434	0.1591	-0.44	0.1528	-0.484	0.1104	0.9519
MHC_II	CD8_cytotoxic_delta	12	-0.483	0.1121	-0.547	0.0656	-0.478	0.1163	0.9519
TMB_nonsyn_per_Mb	MHC_II_delta	12	-0.203	0.5273	-0.51	0.0905	-0.475	0.1186	0.9519
frac_del	neo_binders_delta	11	0.555	0.0767	0.615	0.0442	0.496	0.1207	0.9519
Myc Targets V2	Tcell_infiltration_delta	12	0.517	0.0849	0.574	0.0508	0.472	0.1215	0.9519
Epithelial Mesenchymal Transition	Treg_delta	12	0.098	0.7621	-0.038	0.9063	0.47	0.1227	0.9519
Hypoxia_Buffa	TRB_shannon_delta	12	0.441	0.1517	0.581	0.0476	0.468	0.1248	0.9519
Stemness_mRNAsi_proxy	neo_binders_delta	10	0.37	0.2931	0.366	0.2976	0.517	0.1261	0.9519
Myc Targets V2	IGH_n_delta	12	0.559	0.0586	0.444	0.1477	0.462	0.1308	0.9519
Tcell_infiltration	TRB_shannon_delta	12	-0.545	0.0666	-0.443	0.149	-0.459	0.1334	0.9519
HDR Thru Homologous Recombination (HRR) R-HSA-5685942	Bcell_infiltration_delta	12	0.392	0.2081	0.449	0.1431	0.459	0.1337	0.9519
G2-M Checkpoint	Bcell_infiltration_delta	12	0.413	0.1826	0.439	0.1531	0.456	0.136	0.9519
E2F Targets	Bcell_infiltration_delta	12	0.413	0.1826	0.453	0.1391	0.456	0.136	0.9519
Hypoxia_Buffa	Bcell_infiltration_delta	12	0.455	0.1377	0.494	0.1023	0.455	0.1371	0.9519
CD8_cytotoxic	MHC_II_delta	12	-0.371	0.2356	-0.443	0.1492	-0.455	0.1375	0.9519
Tcell_infiltration	IGH_n_delta	12	-0.559	0.0586	-0.41	0.1854	-0.453	0.1388	0.9519
Tcell_infiltration	CD8_exhaustion_delta	12	-0.601	0.0386	-0.571	0.0527	-0.445	0.1474	0.9519
Hypoxia_Buffa	IGH_n_delta	12	0.406	0.1908	0.524	0.0806	0.44	0.1526	0.9519
CD8_proliferation	SBS5_delta	13	-0.55	0.0514	-0.492	0.0874	-0.408	0.1665	0.9519
DNA Repair R-HSA-73894	IGH_n_delta	12	0.538	0.0709	0.38	0.2236	0.426	0.1668	0.9519
DNA Double-Strand Break Repair R-HSA-5693532	IGH_n_delta	12	0.545	0.0666	0.472	0.1215	0.422	0.1718	0.9519
CD8_cytotoxic	TLS_Cabrita_delta	12	-0.406	0.1908	-0.37	0.2371	-0.418	0.1764	0.9519
TMB_nonsyn_per_Mb	Bcell_infiltration_delta	12	-0.413	0.1826	-0.644	0.0239	-0.417	0.1775	0.9519
CD8_proliferation	Bcell_infiltration_delta	12	0.364	0.2453	0.363	0.2464	0.415	0.1798	0.9519
CIN	Bcell_infiltration_delta	12	0.399	0.1993	0.399	0.1989	0.41	0.1851	0.9519
Stemness_mRNAsi_proxy	neo_sites_delta	10	0.236	0.5109	0.348	0.3244	0.449	0.1932	0.9519
Antigen_presentation	MHC_II_delta	12	-0.238	0.4568	-0.006	0.9854	-0.399	0.199	0.9519
Hypoxia_Buffa	Treg_delta	12	0.294	0.3541	0.235	0.4614	0.399	0.1994	0.9519
NLRC5_HLA_IFNG	CD8_cytotoxic_delta	12	-0.357	0.2551	-0.349	0.2658	-0.393	0.2058	0.9519
MSI_pct	CD8_cytotoxic_delta	11	-0.373	0.259	-0.271	0.4194	-0.413	0.207	0.9519
Epithelial Mesenchymal Transition	CD8_exhaustion_delta	12	0.133	0.6806	-0.04	0.9019	0.392	0.208	0.9519
DNA Repair R-HSA-73894	neo_sites_delta	10	-0.552	0.0984	-0.387	0.2696	-0.431	0.2139	0.9519
Tcell_infiltration	neo_binders_delta	10	0.479	0.1615	0.551	0.0984	0.428	0.2173	0.9519
TMB_nonsyn_per_Mb	CD8_cytotoxic_delta	12	-0.336	0.2861	-0.281	0.376	-0.382	0.2208	0.9519
EMT_Mak	TRB_shannon_delta	12	0.245	0.4433	0.227	0.4772	0.38	0.2225	0.9519
TMB_nonsyn_per_Mb	CD8_exhaustion_delta	12	-0.154	0.6331	-0.258	0.4181	-0.379	0.2238	0.9519
MHC_II	MHC_II_delta	12	-0.364	0.2453	-0.665	0.0184	-0.379	0.224	0.9519
Bcell_infiltration	Bcell_infiltration_delta	12	-0.35	0.2652	-0.485	0.11	-0.373	0.2327	0.9519
NLRC5_HLA_IFNG	MHC_II_delta	12	-0.147	0.6488	0.012	0.9694	-0.362	0.2469	0.9519
Tcell_infiltration	neo_sites_delta	10	0.527	0.1173	0.516	0.1267	0.404	0.2473	0.9519
frac_del	neo_sites_delta	11	0.491	0.1252	0.506	0.112	0.375	0.2558	0.9519
frac_amp	Treg_delta	12	-0.495	0.1017	-0.528	0.0779	-0.355	0.2575	0.9519
DNA Repair R-HSA-73894	Tcell_infiltration_delta	12	0.42	0.1745	0.472	0.1214	0.354	0.2584	0.9519
frac_amp	TLS_Cabrita_delta	12	0.229	0.4744	0.137	0.6713	0.354	0.2585	0.9519
TMB_nonsyn_per_Mb	Tcell_infiltration_delta	12	-0.259	0.4168	-0.661	0.0193	-0.354	0.2591	0.9519
Hypoxia	neo_sites_delta	10	-0.224	0.5334	-0.068	0.8527	-0.392	0.262	0.9519
NLRC5_HLA_IFNG	SBS5_delta	13	-0.407	0.1673	-0.423	0.1497	-0.336	0.2623	0.9519
Bcell_infiltration	neo_sites_delta	10	-0.188	0.6032	-0.262	0.4648	-0.392	0.2625	0.9519
G2-M Checkpoint	SBS5_delta	13	-0.479	0.098	-0.515	0.0715	-0.335	0.2636	0.9519
TMB_nonsyn_per_Mb	Treg_delta	12	-0.049	0.8799	-0.228	0.4754	-0.347	0.2691	0.9519
TGF-beta Signaling	IGH_n_delta	12	0.217	0.4986	0.269	0.3985	0.346	0.2701	0.9519
Bcell_infiltration	MHC_II_delta	12	-0.413	0.1826	-0.342	0.2764	-0.345	0.2724	0.9519
Antigen_presentation	neo_binders_delta	10	0.345	0.3282	0.112	0.7571	0.385	0.2726	0.9519
DNA Repair R-HSA-73894	SBS5_delta	13	-0.536	0.0588	-0.492	0.088	-0.329	0.2727	0.9519
HDR Thru Homologous Recombination (HRR) R-HSA-5685942	Tcell_infiltration_delta	12	0.406	0.1908	0.496	0.1013	0.344	0.2735	0.9519
Tcell_infiltration	Treg_delta	12	-0.573	0.0513	-0.501	0.0973	-0.343	0.2744	0.9519
TMB_nonsyn_per_Mb	IGH_n_delta	12	-0.189	0.5567	-0.383	0.2188	-0.341	0.2786	0.9519
frac_amp	SBS5_delta	14	-0.138	0.6369	0.094	0.7497	-0.31	0.2801	0.9519
EMT_Mak	Treg_delta	12	0.042	0.897	-0.035	0.9152	0.337	0.284	0.9519
CIN	SBS5_delta	14	-0.356	0.211	-0.249	0.3912	-0.305	0.2894	0.9519
Hypoxia_Buffa	Tcell_infiltration_delta	12	0.322	0.3079	0.526	0.079	0.331	0.2925	0.9519
Bcell_infiltration	CD8_cytotoxic_delta	12	-0.343	0.2756	-0.168	0.6025	-0.331	0.2939	0.9519
Hypoxia	neo_binders_delta	10	-0.261	0.4671	-0.086	0.8135	-0.366	0.2985	0.9519
Antigen_presentation	CD8_cytotoxic_delta	12	-0.308	0.3306	-0.238	0.4555	-0.327	0.3001	0.9519
Epithelial Mesenchymal Transition	CD8_cytotoxic_delta	12	0.273	0.3911	0.033	0.9199	0.326	0.3011	0.9519
MHC_II	TLS_Cabrita_delta	12	-0.336	0.2861	-0.472	0.121	-0.323	0.3052	0.9519
NLRC5_HLA_IFNG	Tcell_infiltration_delta	12	-0.245	0.4433	-0.014	0.9644	-0.322	0.3077	0.9519
CD8_proliferation	Tcell_infiltration_delta	12	0.378	0.2262	0.482	0.1121	0.318	0.3143	0.9519
Bcell_infiltration	Tcell_infiltration_delta	12	-0.357	0.2551	-0.298	0.3461	-0.317	0.3157	0.9519
Antigen_presentation	SBS5_delta	13	-0.355	0.2341	-0.474	0.1014	-0.296	0.3265	0.9519
frac_del	CD8_cytotoxic_delta	12	0.273	0.3911	0.308	0.3294	0.306	0.3326	0.9519
E2F Targets	SBS5_delta	13	-0.446	0.1269	-0.487	0.0914	-0.292	0.3334	0.9519
Hypoxia_Buffa	CD8_exhaustion_delta	12	0.259	0.4168	0.185	0.5649	0.305	0.3344	0.9519
Hypoxia	MHC_II_delta	12	-0.133	0.6806	-0.4	0.1972	0.305	0.3346	0.9519
Bcell_infiltration	neo_binders_delta	10	-0.212	0.5563	-0.258	0.4721	-0.341	0.335	0.9519
Antigen_presentation	neo_sites_delta	10	0.273	0.4458	0.055	0.8808	0.34	0.3358	0.9519
CIN	MHC_II_delta	12	0.329	0.2969	0.39	0.2096	0.303	0.3376	0.9519
Epithelial Mesenchymal Transition	TRB_shannon_delta	12	0.154	0.6331	0.033	0.92	0.303	0.339	0.9519
CD8_cytotoxic	Tcell_infiltration_delta	12	-0.294	0.3541	-0.196	0.5417	-0.303	0.339	0.9519
Antigen_presentation	missense_delta	11	0.264	0.4324	-0.051	0.8827	0.318	0.3412	0.9519
NLRC5_HLA_IFNG	neo_sites_delta	10	0.236	0.5109	0.08	0.8261	0.333	0.3469	0.9519
TGF-beta Signaling	neo_sites_delta	10	0.37	0.2931	0.201	0.5775	0.333	0.3469	0.9519
MHC_II	Tcell_infiltration_delta	12	-0.308	0.3306	-0.251	0.4321	-0.294	0.3529	0.9519
HDR Thru Homologous Recombination (HRR) R-HSA-5685942	SBS5_delta	13	-0.465	0.1094	-0.481	0.0959	-0.272	0.369	0.9519
Stemness_mRNAsi_proxy	missense_delta	11	0.182	0.5918	0.206	0.5437	0.3	0.3694	0.9519
frac_del	TLS_Cabrita_delta	12	0.21	0.5128	0.261	0.4125	0.285	0.3699	0.9519
EMT_Mak	CD8_exhaustion_delta	12	0.077	0.8122	-0.015	0.9639	0.285	0.37	0.9519
Antigen_presentation	Tcell_infiltration_delta	12	-0.238	0.4568	0.187	0.5601	-0.284	0.3709	0.9519
CIN	CD8_cytotoxic_delta	12	0.294	0.3541	0.145	0.6535	0.284	0.371	0.9519
CIN	missense_delta	12	0.27	0.3966	0.401	0.197	0.278	0.3814	0.9519
Myc Targets V2	neo_sites_delta	10	-0.467	0.1739	-0.309	0.3842	-0.308	0.3867	0.9519
CD8_cytotoxic	neo_sites_delta	10	0.297	0.4047	0.263	0.4637	0.307	0.3879	0.9519
CD8_proliferation	IGH_n_delta	12	0.378	0.2262	0.386	0.2155	0.268	0.3988	0.9519
Epithelial Mesenchymal Transition	SBS5_delta	13	0.322	0.2835	0.309	0.3042	0.256	0.3989	0.9519
E2F Targets	Tcell_infiltration_delta	12	0.322	0.3079	0.495	0.1018	0.263	0.4091	0.9519
G2-M Checkpoint	Tcell_infiltration_delta	12	0.322	0.3079	0.505	0.0941	0.263	0.4091	0.9519
DNA Double-Strand Break Repair R-HSA-5693532	Tcell_infiltration_delta	12	0.35	0.2652	0.502	0.0962	0.262	0.4102	0.9519
DNA Double-Strand Break Repair R-HSA-5693532	neo_sites_delta	10	-0.467	0.1739	-0.337	0.3417	-0.293	0.4111	0.9519
CD8_proliferation	neo_binders_delta	10	-0.37	0.2931	-0.205	0.5695	-0.293	0.4111	0.9519
DNA Double-Strand Break Repair R-HSA-5693532	SBS5_delta	13	-0.512	0.0739	-0.491	0.0886	-0.248	0.4132	0.9519
Hypoxia_Buffa	SBS5_delta	13	-0.253	0.4041	-0.32	0.287	-0.248	0.4133	0.9519
frac_del	MHC_II_delta	12	0.063	0.8459	0.346	0.2713	0.256	0.4212	0.9519
MSI_pct	SBS5_delta	13	-0.448	0.1251	-0.089	0.7724	-0.243	0.423	0.9519
CD8_cytotoxic	Bcell_infiltration_delta	12	-0.252	0.4299	-0.246	0.4404	-0.252	0.4294	0.9519
MSI_pct	missense_delta	11	0.135	0.692	0.365	0.2692	0.266	0.43	0.9519
frac_amp	CD8_exhaustion_delta	12	-0.395	0.2035	-0.488	0.1071	-0.251	0.4322	0.9519
TMB_nonsyn_per_Mb	SBS5_delta	14	0.066	0.8226	0.285	0.3233	0.226	0.4362	0.9519
Bcell_infiltration	SBS5_delta	13	-0.033	0.9147	-0.157	0.6078	-0.233	0.4442	0.9519
Tcell_infiltration	missense_delta	11	0.305	0.3614	0.469	0.1458	0.256	0.4468	0.9519
TGF-beta Signaling	missense_delta	11	0.292	0.3843	0.114	0.7378	0.256	0.4472	0.9519
EMT_Mak	MHC_II_delta	12	0.021	0.9484	-0.211	0.5107	0.242	0.4485	0.9519
frac_amp	Tcell_infiltration_delta	12	0.125	0.6991	0.16	0.6199	0.239	0.4548	0.9519
TGF-beta Signaling	Treg_delta	12	0.007	0.9828	0.103	0.7492	0.238	0.4565	0.9519
TGF-beta Signaling	neo_binders_delta	10	0.297	0.4047	0.051	0.8887	0.267	0.4567	0.9519
MSI_pct	Treg_delta	11	0.447	0.1679	0.425	0.192	0.249	0.4595	0.9519
CD8_proliferation	missense_delta	11	-0.301	0.3689	-0.325	0.3294	-0.249	0.4598	0.9519
Stemness_mRNAsi_proxy	Tcell_infiltration_delta	12	-0.147	0.6488	-0.18	0.5755	-0.233	0.4653	0.9519
Hypoxia	CD8_cytotoxic_delta	12	0.133	0.6806	0.018	0.9562	0.233	0.4666	0.9519
MHC_II	IGH_n_delta	12	0.175	0.5868	0.233	0.4659	0.231	0.47	0.9519
Hypoxia	TLS_Cabrita_delta	12	0.042	0.897	-0.067	0.8357	0.23	0.4723	0.9519
frac_amp	CD8_cytotoxic_delta	12	0.175	0.587	-0.098	0.7616	0.228	0.4754	0.9519
E2F Targets	MHC_II_delta	12	0.021	0.9484	0.061	0.8513	-0.228	0.4762	0.9519
G2-M Checkpoint	MHC_II_delta	12	0.021	0.9484	0.108	0.7391	-0.228	0.4762	0.9519
EMT_Mak	CD8_cytotoxic_delta	12	0.189	0.5567	0.065	0.842	0.228	0.4769	0.9519
E2F Targets	neo_sites_delta	10	-0.382	0.2763	-0.391	0.2638	-0.253	0.4805	0.9519
G2-M Checkpoint	neo_sites_delta	10	-0.382	0.2763	-0.385	0.2722	-0.253	0.4805	0.9519
frac_del	SBS5_delta	14	0.277	0.3373	0.209	0.473	0.205	0.4817	0.9519
TMB_nonsyn_per_Mb	missense_delta	12	-0.263	0.4094	-0.074	0.8198	-0.223	0.4865	0.9519
Bcell_infiltration	TLS_Cabrita_delta	12	-0.266	0.4038	-0.216	0.4999	-0.22	0.4914	0.9519
HDR Thru Homologous Recombination (HRR) R-HSA-5685942	MHC_II_delta	12	0.091	0.7787	0.093	0.7728	-0.219	0.4939	0.9519
Epithelial Mesenchymal Transition	MHC_II_delta	12	-0.028	0.9312	-0.421	0.1725	0.219	0.4945	0.9519
frac_amp	TRB_shannon_delta	12	-0.316	0.3167	-0.274	0.3883	-0.218	0.4969	0.9519
frac_amp	neo_sites_delta	11	-0.144	0.6733	0.019	0.9564	-0.23	0.4971	0.9519
TGF-beta Signaling	CD8_exhaustion_delta	12	0.049	0.8799	0.154	0.6323	0.215	0.5013	0.9519
NLRC5_HLA_IFNG	neo_binders_delta	10	0.188	0.6032	0.04	0.9131	0.241	0.5021	0.9519
MSI_pct	TRB_shannon_delta	11	0.298	0.3732	0.293	0.3813	0.226	0.5034	0.9519
CD8_proliferation	TRB_shannon_delta	12	0.315	0.3191	0.484	0.1104	0.212	0.5081	0.955
G2-M Checkpoint	IGH_n_delta	12	0.308	0.3306	0.354	0.2589	0.204	0.5247	0.9702
E2F Targets	IGH_n_delta	12	0.308	0.3306	0.35	0.2646	0.204	0.5247	0.9702
Hypoxia_Buffa	neo_sites_delta	10	-0.224	0.5334	-0.235	0.5132	-0.228	0.5255	0.9702
HDR Thru Homologous Recombination (HRR) R-HSA-5685942	neo_sites_delta	10	-0.394	0.26	-0.304	0.3924	-0.225	0.5326	0.9775
Stemness_mRNAsi_proxy	MHC_II_delta	12	0.014	0.9656	-0.011	0.9722	-0.197	0.539	0.9834
DNA Repair R-HSA-73894	neo_binders_delta	10	-0.321	0.3655	-0.215	0.5505	-0.216	0.5486	0.9839
Bcell_infiltration	Treg_delta	12	-0.028	0.9312	0.198	0.5372	0.189	0.5562	0.9839
EMT_Mak	TLS_Cabrita_delta	12	0.105	0.7456	0.129	0.6898	0.188	0.558	0.9839
NLRC5_HLA_IFNG	TLS_Cabrita_delta	12	-0.119	0.7129	0.045	0.8885	-0.188	0.5582	0.9839
Hypoxia_Buffa	TLS_Cabrita_delta	12	0.182	0.5717	0.368	0.2399	0.187	0.5598	0.9839
CD8_cytotoxic	neo_binders_delta	10	0.212	0.5563	0.173	0.6322	0.21	0.5602	0.9839
TGF-beta Signaling	MHC_II_delta	12	-0.287	0.3663	-0.468	0.1249	-0.186	0.5635	0.9839
TGF-beta Signaling	Bcell_infiltration_delta	12	-0.168	0.6021	-0.259	0.417	-0.185	0.5645	0.9839
Stemness_mRNAsi_proxy	SBS5_delta	13	-0.039	0.9006	0.136	0.6573	0.174	0.5696	0.9841
CIN	Treg_delta	12	-0.035	0.9141	-0.102	0.7514	-0.182	0.5709	0.9841
Stemness_mRNAsi_proxy	TLS_Cabrita_delta	12	-0.098	0.7621	-0.235	0.4621	-0.181	0.5741	0.9842
HDR Thru Homologous Recombination (HRR) R-HSA-5685942	IGH_n_delta	12	0.315	0.3191	0.304	0.3374	0.177	0.5826	0.9933
Antigen_presentation	CD8_exhaustion_delta	12	-0.07	0.829	0.029	0.9286	-0.175	0.5861	0.9938
CD8_proliferation	TLS_Cabrita_delta	12	0.245	0.4433	0.286	0.3682	0.169	0.5989	0.9945
DNA Double-Strand Break Repair R-HSA-5693532	CD8_cytotoxic_delta	12	-0.07	0.829	-0.091	0.779	-0.168	0.6007	0.9945
Antigen_presentation	TLS_Cabrita_delta	12	-0.126	0.6967	0.166	0.6051	-0.168	0.6028	0.9945
Stemness_mRNAsi_proxy	IGH_n_delta	12	0.259	0.4168	0.193	0.5478	0.166	0.6054	0.9945
CD8_cytotoxic	SBS5_delta	13	-0.151	0.6217	-0.053	0.8632	-0.153	0.6172	0.9945
frac_del	TRB_shannon_delta	12	0.063	0.8459	-0.028	0.9317	0.158	0.6233	0.9945
HDR Thru Homologous Recombination (HRR) R-HSA-5685942	Treg_delta	12	0.189	0.5567	0.044	0.8917	-0.158	0.6238	0.9945
NLRC5_HLA_IFNG	Bcell_infiltration_delta	12	-0.161	0.6175	-0.057	0.8592	-0.154	0.6329	0.9945
EMT_Mak	missense_delta	11	0.169	0.6203	0.209	0.5376	0.161	0.6357	0.9945
DNA Repair R-HSA-73894	TLS_Cabrita_delta	12	0.252	0.4299	0.341	0.2784	0.15	0.6412	0.9945
CD8_proliferation	MHC_II_delta	12	0.112	0.7292	0.043	0.8956	-0.149	0.6444	0.9945
CD8_cytotoxic	CD8_exhaustion_delta	12	-0.126	0.6967	-0.149	0.6434	-0.149	0.645	0.9945
CIN	neo_binders_delta	11	0.182	0.5926	0.25	0.4578	0.156	0.6466	0.9945
Hypoxia	SBS5_delta	13	0.366	0.2189	0.399	0.1767	0.137	0.6561	0.9945
Myc Targets V2	TRB_shannon_delta	12	0.28	0.3786	0.502	0.0965	0.141	0.6611	0.9945
Myc Targets V2	SBS5_delta	13	-0.382	0.1972	-0.413	0.1613	-0.133	0.6654	0.9945
Bcell_infiltration	TRB_shannon_delta	12	0.042	0.897	0.14	0.6642	0.135	0.6751	0.9945
frac_amp	missense_delta	12	0.145	0.6541	0.234	0.4632	0.133	0.6806	0.9945
MSI_pct	TLS_Cabrita_delta	11	-0.075	0.8276	-0.065	0.8493	-0.139	0.6846	0.9945
Bcell_infiltration	CD8_exhaustion_delta	12	-0.021	0.9484	0.149	0.6432	0.13	0.6862	0.9945
HDR Thru Homologous Recombination (HRR) R-HSA-5685942	CD8_exhaustion_delta	12	0.133	0.6806	-0.029	0.929	-0.128	0.6911	0.9945
MHC_II	SBS5_delta	13	0.209	0.493	0.203	0.5061	0.119	0.6982	0.9945
CIN	CD8_exhaustion_delta	12	-0.028	0.9312	-0.141	0.6619	-0.125	0.6984	0.9945
MSI_pct	neo_binders_delta	11	-0.256	0.447	0.102	0.7648	-0.131	0.7003	0.9945
NLRC5_HLA_IFNG	CD8_exhaustion_delta	12	0.028	0.9312	0.04	0.9028	-0.122	0.7059	0.9945
Bcell_infiltration	missense_delta	11	-0.032	0.9258	-0.127	0.7105	-0.128	0.7069	0.9945
Stemness_mRNAsi_proxy	CD8_exhaustion_delta	12	0.056	0.8629	-0.064	0.8445	-0.121	0.7086	0.9945
Hypoxia_Buffa	neo_binders_delta	10	-0.139	0.7009	-0.128	0.7241	-0.135	0.7099	0.9945
NLRC5_HLA_IFNG	IGH_n_delta	12	-0.014	0.9656	0.068	0.8332	-0.12	0.7108	0.9945
Antigen_presentation	Treg_delta	12	0.014	0.9656	0.12	0.711	-0.115	0.7217	0.9945
CIN	IGH_n_delta	12	-0.049	0.8799	-0.162	0.6142	-0.115	0.7221	0.9945
DNA Double-Strand Break Repair R-HSA-5693532	MHC_II_delta	12	0.294	0.3541	0.214	0.5046	-0.11	0.7331	0.9945
MSI_pct	IGH_n_delta	11	0.224	0.5086	0.251	0.4569	0.115	0.7364	0.9945
E2F Targets	Treg_delta	12	0.154	0.6331	0.072	0.8243	-0.108	0.7394	0.9945
G2-M Checkpoint	Treg_delta	12	0.154	0.6331	0.111	0.7316	-0.108	0.7394	0.9945
HDR Thru Homologous Recombination (HRR) R-HSA-5685942	missense_delta	11	-0.196	0.5637	-0.266	0.4289	-0.113	0.7417	0.9945
TGF-beta Signaling	CD8_cytotoxic_delta	12	-0.126	0.6967	0.131	0.6853	-0.106	0.7426	0.9945
Epithelial Mesenchymal Transition	missense_delta	11	0.109	0.749	0.183	0.5893	0.111	0.7452	0.9945
frac_del	Bcell_infiltration_delta	12	0.112	0.7292	0.105	0.7442	0.103	0.7491	0.9945
E2F Targets	TLS_Cabrita_delta	12	0.175	0.5868	0.312	0.3237	0.102	0.7522	0.9945
G2-M Checkpoint	TLS_Cabrita_delta	12	0.175	0.5868	0.331	0.2927	0.102	0.7522	0.9945
E2F Targets	CD8_cytotoxic_delta	12	0.126	0.6967	-0.076	0.8138	0.1	0.7583	0.9945
G2-M Checkpoint	CD8_cytotoxic_delta	12	0.126	0.6967	-0.042	0.8977	0.1	0.7583	0.9945
DNA Repair R-HSA-73894	TRB_shannon_delta	12	0.259	0.4168	0.39	0.21	0.099	0.7586	0.9945
MHC_II	CD8_exhaustion_delta	12	-0.133	0.6806	-0.282	0.3745	-0.097	0.7649	0.9945
HDR Thru Homologous Recombination (HRR) R-HSA-5685942	CD8_cytotoxic_delta	12	0.126	0.6967	-0.059	0.8557	0.094	0.7723	0.9945
MSI_pct	MHC_II_delta	11	0.149	0.6618	0.02	0.9534	-0.097	0.7774	0.9945
TMB_nonsyn_per_Mb	neo_sites_delta	11	-0.136	0.6893	-0.037	0.9138	0.094	0.7829	0.9945
Myc Targets V2	missense_delta	11	-0.187	0.5824	-0.235	0.4876	-0.094	0.7842	0.9945
NLRC5_HLA_IFNG	missense_delta	11	0.032	0.9258	-0.083	0.8093	0.087	0.7993	0.9945
DNA Repair R-HSA-73894	missense_delta	11	-0.187	0.5824	-0.217	0.5214	-0.087	0.7997	0.9945
MHC_II	neo_binders_delta	10	0.127	0.7261	0.078	0.8296	0.089	0.8072	0.9945
CD8_proliferation	CD8_exhaustion_delta	12	0.266	0.4038	0.062	0.8483	0.078	0.8107	0.9945
frac_amp	IGH_n_delta	12	-0.079	0.8071	-0.043	0.8946	0.076	0.814	0.9945
EMT_Mak	neo_binders_delta	10	0.139	0.7009	0.071	0.8465	0.085	0.8153	0.9945
MSI_pct	neo_sites_delta	11	-0.27	0.4226	0.054	0.8748	-0.079	0.8173	0.9945
DNA Double-Strand Break Repair R-HSA-5693532	CD8_exhaustion_delta	12	0.287	0.3663	0.113	0.7266	-0.071	0.8272	0.9945
DNA Repair R-HSA-73894	CD8_cytotoxic_delta	12	-0.007	0.9828	-0.152	0.6374	-0.069	0.831	0.9945
Myc Targets V2	TLS_Cabrita_delta	12	0.175	0.5868	0.385	0.2159	0.069	0.8323	0.9945
CD8_proliferation	Treg_delta	12	0.308	0.3306	0.15	0.642	0.069	0.8323	0.9945
DNA Double-Strand Break Repair R-HSA-5693532	neo_binders_delta	10	-0.248	0.4888	-0.224	0.5332	-0.076	0.8344	0.9945
G2-M Checkpoint	CD8_exhaustion_delta	12	0.126	0.6967	0.029	0.9278	-0.067	0.8355	0.9945
E2F Targets	CD8_exhaustion_delta	12	0.126	0.6967	-0.009	0.9783	-0.067	0.8355	0.9945
CIN	Tcell_infiltration_delta	12	0.098	0.7621	0.19	0.5538	0.066	0.8396	0.9945
Myc Targets V2	neo_binders_delta	10	-0.212	0.5563	-0.127	0.7275	-0.07	0.8476	0.9945
frac_amp	neo_binders_delta	11	-0.015	0.9654	0.125	0.7132	-0.064	0.8522	0.9945
Stemness_mRNAsi_proxy	Treg_delta	12	0.154	0.6331	-0.023	0.9436	-0.059	0.8543	0.9945
HDR Thru Homologous Recombination (HRR) R-HSA-5685942	TRB_shannon_delta	12	0.098	0.7621	0.369	0.2383	-0.058	0.8585	0.9945
DNA Double-Strand Break Repair R-HSA-5693532	Treg_delta	12	0.392	0.2081	0.211	0.51	-0.057	0.8606	0.9945
frac_del	Treg_delta	12	-0.203	0.5273	-0.062	0.8486	-0.055	0.8642	0.9945
Antigen_presentation	IGH_n_delta	12	0.007	0.9828	0.187	0.5605	-0.054	0.8685	0.9945
CD8_cytotoxic	IGH_n_delta	12	-0.049	0.8799	0.124	0.7005	-0.053	0.8699	0.9945
MSI_pct	Tcell_infiltration_delta	11	0.0	1.0	-0.018	0.9571	-0.055	0.8714	0.9945
frac_del	IGH_n_delta	12	-0.14	0.6646	-0.195	0.5444	-0.052	0.8723	0.9945
Epithelial Mesenchymal Transition	neo_sites_delta	10	0.067	0.8548	0.093	0.7979	0.058	0.874	0.9945
MHC_II	missense_delta	11	0.082	0.8106	-0.016	0.9636	0.054	0.8757	0.9945
Myc Targets V2	MHC_II_delta	12	0.245	0.4433	0.236	0.46	-0.049	0.8798	0.9945
Tcell_infiltration	SBS5_delta	13	0.341	0.254	0.23	0.4487	0.045	0.8833	0.9945
frac_del	Tcell_infiltration_delta	12	-0.014	0.9656	0.061	0.85	0.047	0.8846	0.9945
Stemness_mRNAsi_proxy	TRB_shannon_delta	12	0.14	0.6646	0.013	0.9683	0.047	0.8857	0.9945
Hypoxia	missense_delta	11	0.105	0.7591	0.233	0.4897	0.048	0.8878	0.9945
CIN	TRB_shannon_delta	12	0.091	0.7787	0.009	0.9767	0.045	0.8894	0.9945
frac_amp	MHC_II_delta	12	-0.183	0.569	-0.155	0.6306	0.044	0.8919	0.9945
Antigen_presentation	Bcell_infiltration_delta	12	-0.049	0.8799	0.122	0.7057	-0.042	0.8958	0.9945
HDR Thru Homologous Recombination (HRR) R-HSA-5685942	TLS_Cabrita_delta	12	0.14	0.6646	0.303	0.3379	0.04	0.9018	0.9945
MHC_II	Bcell_infiltration_delta	12	-0.035	0.9141	-0.131	0.6845	-0.04	0.9021	0.9945
Antigen_presentation	TRB_shannon_delta	12	0.014	0.9656	0.408	0.1882	-0.038	0.9078	0.9945
Stemness_mRNAsi_proxy	Bcell_infiltration_delta	12	-0.049	0.8799	-0.008	0.9806	-0.037	0.9102	0.9945
HDR Thru Homologous Recombination (HRR) R-HSA-5685942	neo_binders_delta	10	-0.176	0.6272	-0.11	0.7628	-0.04	0.912	0.9945
CD8_proliferation	CD8_cytotoxic_delta	12	0.07	0.829	-0.066	0.8394	0.036	0.9127	0.9945
MHC_II	Treg_delta	12	-0.091	0.7787	-0.219	0.4934	-0.035	0.9141	0.9945
Hypoxia_Buffa	MHC_II_delta	12	0.028	0.9312	0.062	0.8483	0.034	0.9157	0.9945
MHC_II	TRB_shannon_delta	12	-0.063	0.8459	-0.102	0.7515	-0.032	0.9205	0.9945
DNA Double-Strand Break Repair R-HSA-5693532	TLS_Cabrita_delta	12	0.175	0.5868	0.348	0.2671	0.031	0.9242	0.9945
DNA Repair R-HSA-73894	MHC_II_delta	12	0.287	0.3663	0.124	0.7003	-0.03	0.9253	0.9945
CD8_cytotoxic	TRB_shannon_delta	12	0.028	0.9312	0.096	0.7666	0.03	0.9269	0.9945
MSI_pct	CD8_exhaustion_delta	11	0.224	0.5086	0.19	0.5753	0.031	0.9278	0.9945
Bcell_infiltration	IGH_n_delta	12	-0.119	0.7129	0.097	0.7653	-0.029	0.9296	0.9945
Hypoxia_Buffa	CD8_cytotoxic_delta	12	0.028	0.9312	-0.004	0.9901	0.028	0.9309	0.9945
TGF-beta Signaling	TRB_shannon_delta	12	-0.056	0.8629	-0.02	0.9507	0.028	0.931	0.9945
CIN	neo_sites_delta	11	0.073	0.8317	0.111	0.7461	0.029	0.9333	0.9945
MSI_pct	Bcell_infiltration_delta	11	-0.075	0.8276	-0.225	0.5064	0.028	0.9342	0.9945
DNA Double-Strand Break Repair R-HSA-5693532	TRB_shannon_delta	12	0.231	0.4705	0.437	0.1554	0.025	0.9374	0.9945
MHC_II	neo_sites_delta	10	0.091	0.8028	0.059	0.8705	0.027	0.9417	0.9945
CD8_cytotoxic	missense_delta	11	0.014	0.9682	0.15	0.6599	0.024	0.9439	0.9945
DNA Repair R-HSA-73894	CD8_exhaustion_delta	12	0.266	0.4038	-0.01	0.9765	-0.023	0.9441	0.9945
Myc Targets V2	CD8_cytotoxic_delta	12	0.028	0.9312	-0.044	0.8913	-0.021	0.9474	0.9945
E2F Targets	TRB_shannon_delta	12	0.133	0.6806	0.414	0.181	0.021	0.9482	0.9945
G2-M Checkpoint	TRB_shannon_delta	12	0.133	0.6806	0.441	0.1512	0.021	0.9482	0.9945
Epithelial Mesenchymal Transition	TLS_Cabrita_delta	12	-0.063	0.8459	-0.122	0.7057	0.02	0.9498	0.9945
frac_del	CD8_exhaustion_delta	12	-0.112	0.7292	-0.032	0.9224	0.02	0.9512	0.9945
Hypoxia_Buffa	missense_delta	11	-0.05	0.8837	-0.154	0.6502	-0.021	0.9519	0.9945
CD8_cytotoxic	Treg_delta	12	0.014	0.9656	-0.008	0.9806	0.019	0.9533	0.9945
DNA Double-Strand Break Repair R-HSA-5693532	missense_delta	11	-0.141	0.6787	-0.19	0.5765	0.019	0.9569	0.9945
EMT_Mak	SBS5_delta	13	0.124	0.687	0.197	0.5185	0.016	0.959	0.9945
DNA Repair R-HSA-73894	Treg_delta	12	0.35	0.2652	0.069	0.831	-0.015	0.9633	0.9945
E2F Targets	missense_delta	11	-0.077	0.8209	-0.283	0.3995	0.015	0.9647	0.9945
G2-M Checkpoint	missense_delta	11	-0.077	0.8209	-0.273	0.4172	0.015	0.9647	0.9945
TGF-beta Signaling	Tcell_infiltration_delta	12	-0.07	0.829	-0.05	0.8767	-0.012	0.9695	0.9945
G2-M Checkpoint	neo_binders_delta	10	-0.103	0.777	-0.15	0.6787	0.008	0.9816	0.9945
E2F Targets	neo_binders_delta	10	-0.103	0.777	-0.16	0.6593	0.008	0.9816	0.9945
Myc Targets V2	Treg_delta	12	0.322	0.3079	0.154	0.6318	-0.007	0.9822	0.9945
Myc Targets V2	CD8_exhaustion_delta	12	0.252	0.4299	0.087	0.7886	-0.006	0.9845	0.9945
TMB_nonsyn_per_Mb	neo_binders_delta	11	-0.155	0.65	-0.102	0.7663	-0.006	0.9871	0.9945
NLRC5_HLA_IFNG	Treg_delta	12	0.161	0.6175	0.149	0.6439	-0.003	0.992	0.9945
NLRC5_HLA_IFNG	TRB_shannon_delta	12	0.084	0.7954	0.3	0.3427	0.003	0.9937	0.9945
EMT_Mak	neo_sites_delta	10	0.091	0.8028	0.039	0.9158	-0.003	0.9941	0.9945
Epithelial Mesenchymal Transition	neo_binders_delta	10	0.006	0.9867	0.014	0.9687	-0.003	0.9945	0.9945
