composite_or_ratio	axis	good_mean	bad_mean	good_minus_bad	direction	MW_1sP_good_gt_bad	MW_1sP_good_lt_bad	MW_2sP	ceiling_hit_good_gt_bad_le_0p05	good_values	bad_values
TLS_8	pre-treatment	-0.234	-0.652	0.417	good>bad	0.2	0.9	0.4	False	-0.410,+0.122,-0.415	-1.043,-0.778,-0.134
Plasma_proxy	pre-treatment	0.391	-0.784	1.175	good>bad	0.2	0.9	0.4	False	+0.279,+0.557,+0.335	-2.072,-0.666,+0.386
GC_TF	pre-treatment	-0.153	-1.028	0.875	good>bad	0.05	1.0	0.1	True	-0.163,-0.104,-0.191	-1.752,-0.583,-0.748
Naive_B	pre-treatment	0.064	-0.648	0.712	good>bad	0.35	0.8	0.7	False	-0.753,+1.235,-0.289	-1.623,-0.665,+0.345
Memory_B	pre-treatment	0.272	-0.477	0.749	good>bad	0.2	0.9	0.4	False	-0.032,+1.061,-0.213	-2.178,-0.272,+1.018
BAFF_APRIL	pre-treatment	-0.097	-0.524	0.428	good>bad	0.5	0.65	1.0	False	-0.306,+0.288,-0.273	-1.734,-0.289,+0.449
HLA_II	pre-treatment	-0.011	-0.402	0.391	good>bad	0.35	0.8	0.7	False	+0.138,-0.583,+0.414	-0.372,-1.195,+0.362
CD8_exh	pre-treatment	-0.117	-0.661	0.544	good>bad	0.2	0.9	0.4	False	-0.448,+0.223,-0.127	-1.284,-0.075,-0.624
HLA_I_axis	pre-treatment	0.123	-0.742	0.865	good>bad	0.1	0.95	0.2	False	-0.672,+0.542,+0.500	-1.165,+0.180,-1.240
T_cell	pre-treatment	0.164	-0.589	0.753	good>bad	0.1	0.95	0.2	False	-0.222,+0.550,+0.163	-0.941,-0.210,-0.617
Ayers_TIS	pre-treatment	0.056	-0.722	0.778	good>bad	0.05	1.0	0.1	True	-0.280,+0.284,+0.165	-1.142,-0.382,-0.642
IFNg_6	pre-treatment	0.239	-0.736	0.975	good>bad	0.05	1.0	0.1	True	+0.159,+0.354,+0.204	-0.711,-0.096,-1.401
IFNg_10_Ayers	pre-treatment	0.149	-0.715	0.863	good>bad	0.05	1.0	0.1	True	+0.014,+0.426,+0.005	-0.635,-0.402,-1.107
IMPRES_pos	pre-treatment	-0.092	-0.701	0.609	good>bad	0.1	0.95	0.2	False	-0.395,+0.143,-0.023	-1.089,-0.134,-0.880
Teff_cytotoxic	pre-treatment	-0.05	-0.483	0.433	good>bad	0.2	0.9	0.4	False	-0.219,+0.129,-0.061	-0.373,-0.010,-1.065
Treg	pre-treatment	-0.264	-0.591	0.327	good>bad	0.35	0.8	0.7	False	-0.689,-0.389,+0.285	-0.961,-0.236,-0.576
CD8_cytotoxic	pre-treatment	0.011	-0.51	0.521	good>bad	0.05	1.0	0.1	True	-0.098,+0.209,-0.078	-0.392,-0.178,-0.958
M1_macro	pre-treatment	-0.115	-0.85	0.735	good>bad	0.05	1.0	0.1	True	+0.006,-0.094,-0.259	-0.838,-0.413,-1.300
M2_macro	pre-treatment	-0.433	-0.584	0.151	good>bad	0.2	0.9	0.4	False	-0.286,-0.519,-0.496	-0.807,-0.334,-0.613
NK_activating	pre-treatment	-0.055	-0.753	0.698	good>bad	0.1	0.95	0.2	False	-0.577,+0.212,+0.198	-0.845,-0.402,-1.012
NK_inhibiting	pre-treatment	-0.361	-0.598	0.237	good>bad	0.35	0.8	0.7	False	-0.682,+0.079,-0.479	-0.945,-0.177,-0.672
DC_mature	pre-treatment	-0.239	-0.747	0.508	good>bad	0.2	0.9	0.4	False	-0.469,+0.137,-0.385	-0.706,-0.237,-1.299
HLA_I_machinery_narrow	pre-treatment	0.123	-0.742	0.865	good>bad	0.1	0.95	0.2	False	-0.672,+0.542,+0.500	-1.165,+0.180,-1.240
TLS_8	post-treatment	0.692	0.194	0.498	good>bad	0.2	0.9	0.4	False	+1.417,+0.659,-0.000	+0.171,-0.200,+0.611
Plasma_proxy	post-treatment	0.721	-0.328	1.049	good>bad	0.2	0.9	0.4	False	+1.986,+0.678,-0.500	-0.361,+0.007,-0.629
GC_TF	post-treatment	0.902	0.278	0.624	good>bad	0.2	0.9	0.4	False	+1.515,+1.034,+0.158	-0.166,-0.207,+1.208
Naive_B	post-treatment	0.055	0.528	-0.473	bad>good	0.65	0.5	1.0	False	+0.430,+0.044,-0.308	+0.039,+0.004,+1.542
Memory_B	post-treatment	0.301	-0.095	0.396	good>bad	0.5	0.65	1.0	False	+1.456,+0.149,-0.702	-0.481,-0.177,+0.372
BAFF_APRIL	post-treatment	0.368	0.253	0.115	good>bad	0.35	0.8	0.7	False	+1.168,+0.434,-0.497	+0.231,+0.262,+0.266
HLA_II	post-treatment	0.738	-0.326	1.064	good>bad	0.1	0.95	0.2	False	+1.288,-0.048,+0.974	+0.562,-0.134,-1.405
CD8_exh	post-treatment	0.838	-0.059	0.897	good>bad	0.1	0.95	0.2	False	+1.576,+1.011,-0.073	-0.434,-0.307,+0.562
HLA_I_axis	post-treatment	0.874	-0.256	1.13	good>bad	0.05	1.0	0.1	True	+0.622,+1.407,+0.593	+0.221,+0.373,-1.361
T_cell	post-treatment	0.3	0.126	0.174	good>bad	0.8	0.35	0.7	False	+1.929,-0.225,-0.805	+0.069,+0.253,+0.056
Ayers_TIS	post-treatment	0.785	-0.119	0.904	good>bad	0.1	0.95	0.2	False	+1.676,+0.832,-0.152	-0.249,-0.155,+0.046
IFNg_6	post-treatment	1.008	-0.512	1.52	good>bad	0.05	1.0	0.1	True	+1.334,+1.326,+0.365	-0.447,-0.465,-0.623
IFNg_10_Ayers	post-treatment	0.981	-0.415	1.395	good>bad	0.05	1.0	0.1	True	+1.591,+1.148,+0.203	-0.478,-0.332,-0.433
IMPRES_pos	post-treatment	0.884	-0.092	0.976	good>bad	0.1	0.95	0.2	False	+1.674,+0.987,-0.009	-0.590,-0.254,+0.569
Teff_cytotoxic	post-treatment	0.525	0.008	0.517	good>bad	0.35	0.8	0.7	False	+1.739,+0.130,-0.293	-0.402,-0.224,+0.650
Treg	post-treatment	0.917	-0.062	0.979	good>bad	0.2	0.9	0.4	False	+1.833,+0.663,+0.255	-0.607,-0.491,+0.911
CD8_cytotoxic	post-treatment	0.486	0.013	0.474	good>bad	0.35	0.8	0.7	False	+1.702,+0.122,-0.366	-0.372,-0.299,+0.709
M1_macro	post-treatment	0.97	-0.004	0.974	good>bad	0.1	0.95	0.2	False	+1.402,+1.384,+0.122	-0.274,-0.430,+0.692
M2_macro	post-treatment	0.663	0.354	0.309	good>bad	0.5	0.65	1.0	False	+1.334,+0.881,-0.225	+0.040,+0.054,+0.969
NK_activating	post-treatment	0.432	0.377	0.055	good>bad	0.5	0.65	1.0	False	+0.992,+0.563,-0.260	-0.258,-0.277,+1.666
NK_inhibiting	post-treatment	0.097	0.862	-0.766	bad>good	0.9	0.2	0.4	False	+0.608,+0.040,-0.357	+0.433,+0.214,+1.940
DC_mature	post-treatment	0.793	0.193	0.6	good>bad	0.35	0.8	0.7	False	+1.258,+1.504,-0.382	-0.233,-0.161,+0.973
HLA_I_machinery_narrow	post-treatment	0.874	-0.256	1.13	good>bad	0.05	1.0	0.1	True	+0.622,+1.407,+0.593	+0.221,+0.373,-1.361
TLS_8	Δ (post − pre)	0.926	0.846	0.08	good>bad	0.8	0.35	0.7	False	+1.827,+0.537,+0.415	+1.215,+0.578,+0.745
Plasma_proxy	Δ (post − pre)	0.331	0.456	-0.126	bad>good	0.65	0.5	1.0	False	+1.707,+0.121,-0.836	+1.711,+0.673,-1.015
GC_TF	Δ (post − pre)	1.055	1.306	-0.251	bad>good	0.8	0.35	0.7	False	+1.678,+1.138,+0.349	+1.586,+0.377,+1.957
Naive_B	Δ (post − pre)	-0.009	1.176	-1.185	bad>good	0.95	0.1	0.2	False	+1.183,-1.191,-0.019	+1.661,+0.669,+1.197
Memory_B	Δ (post − pre)	0.029	0.382	-0.353	bad>good	0.8	0.35	0.7	False	+1.488,-0.912,-0.489	+1.697,+0.094,-0.646
BAFF_APRIL	Δ (post − pre)	0.465	0.777	-0.312	bad>good	0.8	0.35	0.7	False	+1.474,+0.146,-0.224	+1.964,+0.551,-0.184
HLA_II	Δ (post − pre)	0.748	0.076	0.673	good>bad	0.5	0.65	1.0	False	+1.150,+0.535,+0.560	+0.934,+1.061,-1.767
CD8_exh	Δ (post − pre)	0.955	0.602	0.354	good>bad	0.5	0.65	1.0	False	+2.024,+0.788,+0.054	+0.850,-0.232,+1.186
HLA_I_axis	Δ (post − pre)	0.751	0.486	0.265	good>bad	0.5	0.65	1.0	False	+1.294,+0.866,+0.093	+1.386,+0.193,-0.121
T_cell	Δ (post − pre)	0.136	0.715	-0.579	bad>good	0.8	0.35	0.7	False	+2.150,-0.775,-0.968	+1.010,+0.463,+0.672
Ayers_TIS	Δ (post − pre)	0.729	0.603	0.126	good>bad	0.65	0.5	1.0	False	+1.957,+0.548,-0.318	+0.893,+0.228,+0.688
IFNg_6	Δ (post − pre)	0.769	0.224	0.545	good>bad	0.2	0.9	0.4	False	+1.174,+0.972,+0.161	+0.264,-0.370,+0.778
IFNg_10_Ayers	Δ (post − pre)	0.832	0.3	0.532	good>bad	0.1	0.95	0.2	False	+1.577,+0.722,+0.197	+0.157,+0.070,+0.674
IMPRES_pos	Δ (post − pre)	0.976	0.609	0.367	good>bad	0.35	0.8	0.7	False	+2.070,+0.844,+0.014	+0.498,-0.119,+1.448
Teff_cytotoxic	Δ (post − pre)	0.575	0.491	0.084	good>bad	0.5	0.65	1.0	False	+1.958,+0.000,-0.232	-0.028,-0.214,+1.715
Treg	Δ (post − pre)	1.181	0.529	0.652	good>bad	0.35	0.8	0.7	False	+2.522,+1.052,-0.030	+0.354,-0.255,+1.488
CD8_cytotoxic	Δ (post − pre)	0.475	0.522	-0.047	bad>good	0.65	0.5	1.0	False	+1.801,-0.087,-0.288	+0.020,-0.121,+1.668
M1_macro	Δ (post − pre)	1.085	0.846	0.239	good>bad	0.5	0.65	1.0	False	+1.396,+1.478,+0.381	+0.564,-0.018,+1.992
M2_macro	Δ (post − pre)	1.097	0.939	0.158	good>bad	0.5	0.65	1.0	False	+1.619,+1.400,+0.271	+0.847,+0.388,+1.582
NK_activating	Δ (post − pre)	0.487	1.13	-0.643	bad>good	0.8	0.35	0.7	False	+1.569,+0.351,-0.459	+0.587,+0.125,+2.678
NK_inhibiting	Δ (post − pre)	0.458	1.46	-1.003	bad>good	0.95	0.1	0.2	False	+1.291,-0.039,+0.122	+1.377,+0.391,+2.612
DC_mature	Δ (post − pre)	1.033	0.941	0.092	good>bad	0.65	0.5	1.0	False	+1.728,+1.367,+0.003	+0.473,+0.077,+2.272
HLA_I_machinery_narrow	Δ (post − pre)	0.751	0.486	0.265	good>bad	0.5	0.65	1.0	False	+1.294,+0.866,+0.093	+1.386,+0.193,-0.121
Teff_over_Treg	pre ratio	0.214	0.108	0.106	good>bad	0.5	0.65	1.0	False	+0.470,+0.518,-0.346	+0.588,+0.226,-0.489
CD8cyt_over_CD8exh	pre ratio	0.128	0.151	-0.023	bad>good	0.35	0.8	0.7	False	+0.350,-0.014,+0.050	+0.891,-0.103,-0.334
M1_over_M2	pre ratio	0.318	-0.266	0.584	good>bad	0.05	1.0	0.1	True	+0.292,+0.425,+0.237	-0.031,-0.079,-0.687
NK_activ_over_inhib	pre ratio	0.306	-0.155	0.461	good>bad	0.05	1.0	0.1	True	+0.105,+0.134,+0.677	+0.099,-0.225,-0.340
Teff_over_Treg	post ratio	-0.392	0.07	-0.462	bad>good	0.95	0.1	0.2	False	-0.095,-0.533,-0.548	+0.205,+0.267,-0.262
CD8cyt_over_CD8exh	post ratio	-0.352	0.072	-0.424	bad>good	0.9	0.2	0.4	False	+0.126,-0.889,-0.293	+0.062,+0.008,+0.147
M1_over_M2	post ratio	0.306	-0.358	0.665	good>bad	0.05	1.0	0.1	True	+0.068,+0.504,+0.347	-0.314,-0.484,-0.277
NK_activ_over_inhib	post ratio	0.335	-0.485	0.82	good>bad	0.05	1.0	0.1	True	+0.384,+0.524,+0.097	-0.691,-0.491,-0.274
Teff_over_Treg	delta ratio	-0.606	-0.038	-0.568	bad>good	0.95	0.1	0.2	False	-0.565,-1.052,-0.202	-0.383,+0.041,+0.227
CD8cyt_over_CD8exh	delta ratio	-0.48	-0.079	-0.401	bad>good	0.9	0.2	0.4	False	-0.223,-0.875,-0.342	-0.830,+0.111,+0.481
M1_over_M2	delta ratio	-0.012	-0.093	0.081	good>bad	0.35	0.8	0.7	False	-0.223,+0.079,+0.110	-0.283,-0.406,+0.410
NK_activ_over_inhib	delta ratio	0.029	-0.33	0.36	good>bad	0.2	0.9	0.4	False	+0.278,+0.390,-0.580	-0.790,-0.267,+0.066
